train_idx,predicted_answer,score
3581,C,1
2983,A,1
7425,D,1
9605,D,1
7077,A,1
6029,C,1
8406,C,0
7837,D,1
5525,C,1
2220,D,0
7352,B,1
6135,A,1
5016,B,0
9711,A,1
2072,C,1
2406,A,1
578,C,1
7042,C,1
348,C,1
6318,B,1
1615,A,1
9779,B,1
8675,B,1
4051,A,0
2895,C,1
6864,B,1
10076,D,1
3236,C,1
5249,C,1
9719,A,0
2840,B,1
6191,A,1
8702,D,1
3831,C,1
868,A,1
1823,B,1
8134,C,1
508,D,1
4253,D,0
2532,C,0
6277,C,0
3205,A,1
1097,D,1
225,B,1
9836,B,0
8945,D,0
2965,C,1
7223,A,1
766,D,1
7037,D,1
3909,D,1
549,B,1
10089,C,1
9026,C,1
3381,B,1
456,C,1
8484,D,1
4567,D,1
13,C,1
8092,B,1
9540,D,1
1121,C,1
10157,B,1
1961,B,1
835,B,1
8356,D,1
7060,C,1
8455,D,1
5883,B,1
4435,B,1
6877,C,1
150,B,1
1484,D,1
8860,D,1
2208,A,1
5406,D,1
9438,A,1
4094,A,1
9175,A,1
3297,B,1
7707,D,1
9624,B,1
5684,B,1
5600,A,1
647,A,1
2179,B,1
10028,B,1
5623,D,1
3565,B,1
1572,B,1
4655,D,1
4249,C,1
9128,C,1
8863,C,1
985,D,1
8969,A,1
721,C,1
6214,C,1
1281,D,1
1567,A,1
1370,A,1
9077,B,1
3925,B,1
373,B,1
9787,B,1
8777,B,1
5195,B,1
4924,C,1
6768,B,1
8510,B,1
870,D,1
1195,B,1
8241,C,1
925,A,1
2202,D,1
7309,C,1
1148,D,1
7036,D,1
3388,A,1
5040,A,1
8583,D,1
5243,A,1
3494,C,0
1599,D,1
4963,C,1
9303,D,1
1341,C,1
538,A,1
7639,C,1
1265,C,1
8309,C,1
6481,A,1
4930,B,1
4038,B,1
7216,A,1
2522,D,1
4580,B,0
6109,D,1
1234,B,1
7757,D,1
6501,C,1
9492,C,1
8660,C,1
8261,B,1
2371,C,1
8401,D,1
2908,D,1
3308,C,1
7774,C,1
4171,A,1
6872,A,1
6743,D,1
1936,B,1
3023,A,0
341,B,1
8632,A,1
1699,B,1
8298,B,1
1576,C,1
8071,A,1
4830,A,1
1076,A,1
1651,D,1
8608,C,1
821,C,1
8315,B,0
5320,B,1
2140,C,1
3739,A,1
7810,A,0
1479,A,1
440,A,0
6351,C,1
755,D,1
1649,A,0
3561,C,1
1008,A,1
6008,C,1
533,A,1
6812,B,1
9707,A,1
6772,A,1
8910,B,1
5013,A,1
7537,B,1
5741,D,1
1542,A,1
3108,B,0
4689,B,1
8541,A,1
8906,D,1
1704,C,1
5724,C,1
2409,A,1
8324,D,1
5018,B,1
8701,D,0
6643,C,0
1079,A,1
1880,D,1
7898,A,1
9102,B,1
7204,D,1
4210,D,1
8172,A,1
9847,A,1
722,A,1
1252,B,1
5384,A,1
6088,C,1
9483,B,1
9072,C,1
3963,A,1
8204,D,0
3290,B,1
6533,B,1
4865,A,0
3702,B,1
7423,A,1
5357,C,1
6265,A,1
4169,C,1
3956,B,1
9204,B,1
3365,D,1
8160,C,0
1172,C,0
4374,C,1
10007,D,1
7402,A,0
3668,A,1
5797,B,0
1540,B,1
3061,D,1
51,B,1
6987,C,1
7285,C,1
1305,B,1
8095,D,1
9596,B,1
6895,A,1
5166,A,1
8968,C,1
3270,C,0
3398,C,1
2738,A,1
1921,C,1
3088,B,1
6181,A,1
7293,A,1
4813,D,1
10010,D,0
6264,C,1
3515,C,1
4159,D,1
4691,A,1
2851,B,0
730,A,1
5671,D,1
7585,A,1
10036,D,1
6490,B,1
7195,A,1
1747,A,1
6942,D,1
3748,C,1
2824,B,1
2079,D,1
9312,D,1
1855,D,1
10101,B,1
104,D,1
9580,A,1
10085,D,0
2990,C,1
8873,D,1
7745,B,1
2194,C,1
1269,C,1
3047,C,1
2355,C,1
2897,D,1
5545,A,1
4312,B,1
9835,C,1
7312,C,1
3712,D,1
8086,D,1
2780,D,1
9415,A,1
2196,B,1
2336,B,0
9705,B,1
5501,A,1
1299,C,1
10020,D,1
8776,B,1
941,A,1
5801,A,1
10109,A,1
6587,C,1
551,C,1
3287,D,1
2578,C,1
8196,D,1
6110,C,1
1365,B,1
1253,B,1
7246,B,1
8025,B,1
1455,B,1
9015,B,1
676,D,1
1257,B,1
8496,A,1
4852,B,1
5049,B,0
1015,D,0
6421,B,0
5494,C,1
9587,D,1
7824,B,1
8244,D,1
8967,D,0
8062,D,1
4871,B,1
2327,D,1
7338,D,1
4666,C,0
181,A,1
7696,A,1
4052,B,1
9497,D,1
857,D,1
814,B,0
2034,B,1
2719,C,1
7934,C,1
7492,D,1
7382,A,1
2931,B,1
5927,B,1
9636,C,1
200,C,1
209,C,1
7494,D,1
10021,C,0
1920,A,1
3822,C,1
6327,C,1
349,B,1
2625,D,1
8384,B,1
5514,C,1
8465,A,1
6190,D,1
2300,D,1
3980,D,1
8935,D,1
744,C,1
3949,C,0
4003,D,1
5892,B,1
4608,A,1
1407,B,1
1014,C,0
1210,B,1
644,C,1
4512,A,1
3514,B,1
9882,A,1
3856,C,1
205,B,1
8513,D,1
8105,B,1
7514,C,1
7373,A,1
2826,A,1
4954,B,1
682,B,1
6320,B,1
2879,D,1
6591,B,1
8533,B,1
233,D,1
3092,A,1
107,C,1
5495,D,1
5899,B,1
8213,C,1
6991,A,1
6979,A,1
8173,D,1
1486,B,1
388,A,1
7010,B,1
3825,B,0
4789,C,1
9321,A,1
5563,D,1
2138,B,1
5291,C,1
3557,B,1
6511,B,1
2511,B,1
9547,B,1
526,C,1
813,B,1
4704,B,1
900,A,1
960,C,1
621,C,1
6760,A,1
2771,C,1
8820,A,0
1137,C,1
9336,C,1
9174,D,1
9189,D,1
4219,A,1
4101,C,0
7110,B,0
5842,C,1
8814,A,1
8371,A,1
1428,A,1
3580,A,1
2106,D,1
5039,C,1
8590,D,1
5302,A,1
5274,C,1
9268,B,1
1698,A,1
2130,A,1
8689,D,1
6627,B,1
401,C,1
7997,B,1
7148,A,1
6286,B,1
3074,C,1
3513,D,1
9751,D,1
5542,D,1
1833,A,1
4600,A,1
2827,A,1
177,B,0
2155,D,1
3384,A,1
1528,C,1
10169,C,1
5946,C,1
10094,D,1
3132,C,1
3433,D,1
2593,C,1
4676,B,1
8487,A,1
1275,D,1
1725,D,1
1922,B,1
2656,B,1
1171,D,1
9973,B,1
8538,A,1
4910,C,1
7241,C,1
950,D,0
2504,A,1
2898,B,1
7951,D,1
8743,D,1
7641,D,1
8744,A,1
1117,C,1
3955,C,0
4607,C,1
1297,D,1
8679,A,1
3877,B,1
3977,D,0
7025,D,0
2207,D,1
5767,B,1
9433,A,1
8829,A,0
285,D,1
9735,B,1
8919,B,0
5974,C,1
6593,C,1
7803,C,1
382,C,1
3990,D,0
1789,D,1
7117,C,1
5386,C,1
1986,B,1
8831,A,1
6809,D,1
1890,C,1
8088,D,1
9633,C,1
6762,B,1
8908,B,1
5317,A,1
6712,C,1
4535,D,1
1543,D,1
3690,A,1
3065,D,1
6062,B,1
9675,C,1
7682,C,1
1663,D,1
8502,B,1
1403,D,1
7274,B,1
617,B,1
8947,C,0
9996,C,1
8522,A,1
5271,B,0
6780,D,1
7911,B,1
9053,B,0
1777,B,1
5056,C,1
5488,D,1
2988,A,1
2680,B,1
6272,B,1
585,C,1
2281,C,1
1333,C,1
8840,D,1
7041,C,1
4467,D,1
5706,B,1
8278,B,1
7505,A,1
6467,A,1
1087,B,0
8032,A,1
8057,C,1
2482,B,1
7927,B,1
7087,A,1
5034,D,1
6804,B,0
4839,B,0
6343,B,0
9381,C,1
9767,A,0
10064,A,1
8331,D,1
5287,D,1
8958,B,1
7362,D,1
5878,A,1
3501,B,1
4926,D,1
1368,C,1
3832,B,1
3298,A,1
565,D,1
8050,B,1
664,B,1
3893,C,0
4661,C,1
5884,A,1
8790,B,1
1556,A,1
8891,A,1
8453,A,1
385,C,1
180,B,1
2541,D,1
7346,C,0
3199,B,1
5709,C,1
4662,B,1
5025,D,1
5980,A,1
1828,A,1
2022,B,0
9295,C,1
1331,A,1
6034,B,1
9472,D,0
6719,D,1
7786,D,1
6822,B,1
8191,D,1
2937,D,1
1323,D,1
5055,B,1
7120,B,0
8210,A,1
991,D,1
6371,A,1
3254,B,1
250,B,1
8732,D,1
5161,B,1
1619,C,1
7679,D,0
325,D,1
4260,A,1
1244,C,1
7302,A,1
7702,B,1
7635,A,1
6151,B,1
5711,C,1
7618,C,1
9416,B,1
10144,D,1
86,D,1
155,D,1
2181,C,1
2544,D,1
9450,C,1
304,C,0
6614,C,1
6117,A,1
4019,D,1
8198,C,1
7700,B,1
6898,B,1
4510,B,1
2770,B,1
7529,A,1
8715,A,1
5864,B,1
7266,B,1
9057,A,1
4478,A,1
417,D,1
735,A,1
5661,D,1
10,C,1
6641,A,1
9501,D,1
9094,D,1
8946,C,1
8070,B,1
8830,B,1
6906,C,1
266,B,0
10050,B,1
7013,D,1
6764,A,1
6392,A,1
4545,B,1
9296,C,1
6853,B,1
1637,C,1
6398,A,1
5090,A,1
3387,B,1
2836,A,1
7381,A,0
4080,C,0
655,C,1
4872,D,1
8648,B,1
2432,C,1
724,A,1
5742,D,1
792,D,1
2707,D,1
2970,D,1
4149,D,1
5381,A,1
6726,B,1
7318,D,1
1785,C,1
8202,C,1
3200,B,1
575,D,0
2137,D,1
3161,B,0
984,D,1
8345,C,1
7311,A,1
2675,D,1
555,A,1
4230,A,1
2603,D,1
9382,B,1
6642,A,1
3823,A,1
1756,D,1
5173,B,1
2124,B,1
5561,D,0
1120,D,1
6145,C,1
2666,D,1
9756,A,0
2085,A,1
5891,A,1
1161,A,1
1844,D,1
5774,A,1
9953,D,1
2098,A,1
1335,C,1
7272,D,1
9405,C,1
6698,C,1
7961,A,1
3789,B,1
3528,D,1
312,C,1
657,A,1
227,D,1
3526,C,1
4800,A,1
584,D,1
376,A,1
8188,B,1
9337,C,0
8076,A,0
4472,A,1
3419,B,1
7226,A,1
3225,D,1
316,D,1
8177,B,1
8578,C,1
1033,A,1
912,B,0
4044,D,1
3186,D,1
7088,A,1
5270,C,1
6073,B,1
3979,B,1
8135,C,1
6267,B,1
3306,B,1
5872,B,1
4357,C,1
6448,D,1
7349,D,1
1443,D,1
1201,C,0
7161,A,1
7632,A,1
4397,C,1
8476,A,0
3095,C,1
346,B,1
4292,A,1
5653,B,1
9662,A,1
9192,C,1
2264,D,1
6283,A,0
7606,D,1
7995,D,1
6565,D,1
3166,B,1
1720,C,1
8748,A,1
6521,B,1
628,C,1
9860,D,0
6617,C,1
8591,D,1
8869,D,1
2099,B,1
2639,C,1
1482,D,1
5080,D,1
6715,A,1
2500,B,1
8785,B,1
10117,B,1
3043,A,0
4969,D,1
4759,D,1
9488,A,1
9480,A,1
6899,C,1
3864,B,1
4287,D,1
3720,A,1
2132,D,0
3072,D,1
7083,A,1
4998,C,0
7976,B,1
4437,D,1
6524,B,1
2484,B,1
3014,C,1
6668,C,1
7704,B,1
8752,A,1
6323,B,1
710,B,1
1272,D,1
3817,C,1
7624,D,1
6445,D,1
4172,A,1
1980,A,1
7,A,1
9076,C,0
4822,A,1
701,D,1
6940,C,1
8805,C,0
7396,B,0
5881,A,0
6665,A,1
5647,D,1
1593,C,1
2627,D,1
8769,D,1
7456,C,1
7465,C,1
4702,D,1
2746,A,1
2677,C,1
719,D,1
1466,D,1
2222,D,1
6332,A,1
5853,A,1
1930,C,1
529,D,1
8482,C,0
9048,C,1
3730,C,1
2556,A,1
887,A,1
1786,D,0
393,C,0
6867,A,1
396,D,1
747,D,1
7899,D,1
8929,A,1
3460,C,1
7299,B,1
3158,B,1
1853,D,0
1851,C,1
5046,C,1
2530,B,1
5855,D,1
7193,B,1
10167,B,0
7701,C,0
7675,A,1
9764,A,1
29,D,1
8535,B,1
7191,A,1
8948,A,1
3311,A,1
9741,D,1
329,B,1
5524,D,1
9654,B,1
8809,A,1
6154,D,1
7442,A,1
3498,A,1
8264,A,1
8266,C,1
9769,A,1
4500,D,1
3182,B,1
7782,C,1
5866,C,1
7983,A,1
6573,A,1
6449,A,0
825,B,1
9254,C,1
7164,D,1
1207,D,1
907,A,0
1221,C,1
6558,B,1
8041,D,1
1791,C,1
6580,A,1
2861,A,1
4221,C,1
9408,A,1
5685,C,1
8980,A,1
5934,B,1
3434,D,0
3309,B,1
3328,D,1
6716,B,1
9374,C,1
651,A,1
1905,C,1
8783,C,1
7843,B,1
3646,D,0
6905,B,1
3289,C,1
6271,C,0
5154,B,1
8740,B,1
2803,A,1
3961,A,1
1955,D,1
6818,D,1
2586,A,1
7290,D,1
9422,B,0
9147,D,1
7916,B,0
7725,A,1
2739,C,1
6535,A,0
6672,C,1
6250,A,1
883,B,1
3536,A,1
10121,C,1
461,C,1
819,A,1
5306,D,1
3207,C,1
9920,D,1
1420,C,1
5048,C,1
1340,D,1
972,B,1
3171,B,1
914,C,1
9611,D,1
2812,D,1
7844,D,1
4593,A,1
741,A,1
6868,D,0
1199,D,1
5373,D,1
1318,C,1
8519,A,0
2925,A,1
5472,A,0
8290,B,1
8412,A,1
1577,D,0
8991,A,0
9837,A,1
9173,B,1
2235,D,0
9391,C,1
9475,D,1
6520,C,1
1850,A,1
4431,A,1
301,B,0
1645,A,1
9248,C,1
10053,A,1
9626,C,1
5732,B,1
2872,B,1
216,C,1
606,D,0
253,D,1
7310,D,1
5635,B,1
1043,C,1
1051,C,1
7151,C,1
1560,A,1
7552,B,0
2161,C,1
9446,A,1
8499,D,1
8593,B,1
10113,D,0
9390,A,1
365,C,1
7401,D,1
2670,B,1
8825,C,1
738,A,1
7721,B,1
6115,C,1
8854,D,1
4524,C,1
4736,C,1
2562,C,1
4138,C,1
2129,A,1
2546,B,1
9887,A,1
1559,A,1
9203,A,1
2920,A,0
6173,A,1
4884,A,1
3077,A,1
7353,A,1
8272,A,1
9621,C,1
5102,A,1
3255,B,1
9733,B,1
1589,B,1
10172,C,1
294,B,1
2322,C,1
5913,C,1
5272,D,1
5553,D,1
1760,B,0
9965,B,1
1493,C,1
921,A,1
3101,D,1
1557,C,1
939,D,1
1289,C,1
4068,D,1
3178,D,1
8630,B,0
8772,A,1
231,A,1
8386,B,1
5614,D,1
5818,A,1
2516,A,1
6241,C,1
2859,B,1
4439,A,1
7093,A,1
4239,B,1
9798,D,1
4569,B,1
2435,D,1
3992,D,1
7894,C,1
404,D,1
3878,A,1
3626,B,1
3222,D,1
3871,A,1
8592,C,0
5313,C,1
9365,C,1
6920,C,0
8757,A,1
5833,B,1
2748,B,0
8786,C,1
3815,A,1
4900,A,1
5455,A,1
3920,B,1
600,D,1
1081,D,1
4779,A,1
614,D,0
340,B,1
2286,D,1
6850,B,1
5405,A,1
865,C,1
4214,A,1
919,A,1
298,D,1
8077,C,1
5365,B,1
6315,B,1
7716,D,1
8996,D,1
1865,D,1
8283,C,1
9087,D,1
9196,B,1
2233,A,1
8364,C,1
1876,B,0
4342,D,1
6340,A,1
9131,D,1
1006,C,1
1312,B,1
5303,C,1
6353,B,1
2507,C,1
4949,C,1
9945,B,1
9288,C,1
2868,D,1
9852,B,1
5722,D,1
89,A,1
7016,B,1
1913,D,0
2152,A,1
9727,D,1
3842,C,1
4953,D,1
5377,A,1
10001,B,1
5672,C,1
3537,B,1
6325,B,1
9347,C,1
2941,B,1
1954,C,1
804,C,1
1423,A,1
7848,B,1
5479,D,1
4103,C,1
1053,C,1
9889,B,1
8801,A,0
2490,B,1
5783,C,1
8567,D,0
97,A,1
60,A,0
1918,B,1
2370,B,1
6469,C,0
2224,C,1
218,A,1
9692,A,1
6505,C,1
2083,A,1
16,D,1
300,A,0
1602,C,1
10058,A,1
6510,A,1
6736,D,0
170,C,1
591,D,1
763,C,0
2563,D,1
6041,A,1
4550,D,1
5815,C,1
4338,D,1
1324,A,1
9261,C,1
1568,D,1
90,A,1
10031,C,0
272,B,1
899,A,0
9016,D,1
2801,D,1
2031,A,1
4184,B,1
4072,C,1
3518,C,1
9344,D,1
8054,B,1
8094,C,1
2855,D,1
6769,A,0
1231,A,1
6675,A,1
3416,C,1
7133,D,1
2997,C,1
5480,C,0
5113,C,1
7360,B,1
8170,A,1
9484,B,0
9412,A,1
2565,A,1
5817,B,0
9812,D,0
3689,C,1
8864,A,1
9570,C,1
6714,D,1
5315,A,1
352,A,1
5338,B,1
6295,A,1
3040,D,0
9581,C,1
5543,D,0
1459,A,1
5280,B,1
8282,C,1
1047,C,0
3451,C,1
5253,C,1
9944,C,1
9028,C,1
1437,A,1
3683,C,1
7413,C,1
5410,C,0
1630,C,1
9845,A,1
880,B,1
6222,A,1
8518,C,1
9037,C,1
4894,B,1
2019,D,1
9459,D,1
9046,B,1
537,D,1
258,B,1
2797,A,1
4320,C,1
3194,A,1
1377,A,1
10016,D,1
9339,B,1
6464,B,1
3765,B,1
17,C,1
8275,A,1
8543,A,1
3658,A,1
1160,D,1
6266,C,0
627,D,1
4363,A,1
4436,A,1
8300,D,1
7128,A,1
1889,D,1
9502,C,1
6207,C,1
6798,A,1
1588,C,0
7079,D,1
4104,C,1
2954,B,1
9036,C,1
486,C,1
120,B,1
4529,B,1
9262,A,1
9713,B,1
2231,B,1
7532,B,0
7579,B,1
7667,B,1
9195,A,1
4043,B,1
9543,A,1
7250,A,1
3301,B,1
6996,B,1
2822,A,1
6184,A,1
9218,B,1
7544,B,1
2213,D,1
8162,B,1
9171,B,1
5447,C,1
3266,B,1
530,B,0
6244,B,0
3834,D,1
3335,D,1
8762,D,0
3019,D,1
1809,A,1
5345,D,0
7792,D,1
9607,D,1
9959,C,1
3809,A,1
9386,C,1
1801,C,1
7067,B,1
8152,B,1
4240,C,1
4857,B,1
5203,B,1
5752,B,1
4671,C,1
8821,C,1
7072,C,1
6075,D,1
6305,A,1
9771,C,1
9737,A,1
5707,B,1
2813,A,1
1623,C,1
5239,A,1
9400,A,0
1187,A,1
9479,A,1
3465,D,1
2234,C,1
2454,D,1
5333,C,1
6734,A,1
9050,C,1
2620,D,1
223,B,1
1558,B,0
1372,A,1
9428,C,0
8153,C,1
1640,A,1
5515,B,1
3218,C,1
1057,C,1
1587,B,1
1671,C,1
2345,C,0
8080,D,1
787,C,1
1546,B,1
1931,D,0
157,A,1
4193,D,1
5544,D,0
7291,B,1
8015,B,1
4739,C,0
3808,C,1
6892,A,1
8509,A,1
3499,A,1
8587,A,1
3826,D,1
7221,B,1
7804,D,1
5710,B,0
7954,A,1
891,D,1
8447,A,1
9936,B,1
5975,C,1
1776,A,1
3892,D,1
9879,D,1
2883,B,1
7329,A,1
9020,A,1
4981,B,1
2366,D,0
2923,C,0
524,A,1
1660,A,1
6567,A,0
10141,A,1
5933,B,1
8872,C,1
4611,B,1
386,D,1
8320,B,1
1040,C,1
817,D,0
1967,B,1
302,D,1
8778,D,1
7358,B,1
4405,C,1
7065,B,1
2307,B,1
7851,C,1
2973,B,1
2210,C,1
8834,C,1
4812,D,1
8314,C,1
8002,D,0
2269,A,0
5993,D,1
2290,A,1
6079,D,1
4394,C,1
1191,D,1
8641,D,1
9305,B,1
6954,C,1
2305,D,1
6380,A,1
3197,B,1
2595,B,1
7480,B,0
9252,B,1
8708,C,1
5692,C,1
3935,C,1
6978,C,1
5346,B,0
3323,B,0
4011,B,1
9864,A,1
6901,A,1
8270,B,1
2057,C,0
4096,B,0
1322,B,1
2692,C,1
1996,A,1
7678,B,1
5423,B,1
586,B,1
8684,D,0
7435,A,1
4030,C,1
8622,A,1
3179,C,1
1512,B,1
7811,B,0
9461,D,1
7190,A,1
9030,A,1
6189,A,1
2613,B,1
743,D,1
852,C,1
264,C,1
5158,C,1
6667,A,1
474,D,1
4139,D,1
6033,B,1
9062,C,1
7813,B,1
9205,A,1
931,D,1
1597,C,1
7891,C,1
6502,A,1
5126,A,1
3623,D,1
5451,B,1
7140,D,1
4279,C,1
1805,A,1
7044,A,1
3,A,1
1586,A,1
9160,B,1
6560,B,1
1132,B,1
4238,D,1
7628,B,1
3135,C,1
4874,B,1
7720,B,1
345,A,1
412,D,1
3397,C,0
9635,C,0
9542,D,1
9259,D,1
5123,D,0
8462,A,1
7416,D,0
2938,D,1
3487,A,1
5407,C,1
4479,A,1
6626,C,1
3407,C,1
4225,C,1
2870,C,0
9558,D,1
9929,D,1
8859,A,1
7849,C,0
9230,C,1
4432,D,1
954,A,1
2448,D,1
9946,D,1
3456,B,0
1917,B,1
6902,C,1
4636,B,1
2275,C,0
6820,D,1
161,A,1
364,B,1
4123,D,1
39,D,1
2424,A,1
684,C,1
7560,B,1
769,D,1
7901,C,1
1741,D,0
8975,D,1
989,C,1
781,A,1
1101,B,1
1216,D,1
2614,D,1
9064,A,1
1653,A,0
4346,A,1
9535,D,1
9585,A,1
10011,C,1
27,A,1
5676,C,1
6703,A,1
4537,A,1
1146,C,1
5837,B,1
4713,A,1
7801,B,1
1722,D,1
4773,A,1
6200,C,1
1426,C,1
967,A,1
7129,B,1
8360,C,0
3010,A,1
3370,C,1
9795,D,1
1126,A,1
6247,A,1
764,D,1
6000,C,1
2902,C,1
3078,C,1
2249,B,1
9227,C,1
8850,A,1
5806,A,1
3865,B,1
1279,A,1
595,B,0
3128,A,1
8065,C,1
3699,C,1
2581,C,1
6845,D,1
4628,C,1
2887,D,1
7601,C,0
4389,B,0
4590,C,1
8175,B,1
9370,B,1
8464,C,1
5083,B,1
1565,A,1
4187,D,1
1255,B,1
3598,D,0
2777,A,0
10038,A,1
9052,A,1
9096,C,1
7787,D,1
433,B,1
990,D,1
7693,B,0
493,C,1
6504,C,1
2981,A,1
2122,B,1
8307,C,1
11,C,1
10106,C,1
6589,A,0
5179,C,1
1904,D,1
7778,D,1
502,A,1
9519,C,1
5453,D,1
4150,B,1
4267,C,1
3547,B,1
6710,B,1
3464,B,1
9372,A,1
8986,B,1
4134,C,1
2158,B,1
9362,B,1
3733,B,0
5854,B,1
6346,D,1
2945,C,1
8637,B,1
3700,A,1
9979,D,1
6637,D,1
7829,D,1
1173,D,1
44,A,1
4513,D,1
8640,C,0
290,B,1
8338,A,0
1696,A,0
2330,A,1
1395,D,1
4772,D,0
7185,B,1
3645,B,0
1658,C,1
2741,D,0
9022,D,1
3784,A,1
3491,B,1
8638,A,1
936,A,1
5739,A,1
4006,C,1
2847,B,1
3870,A,1
1548,A,1
3845,A,1
7882,C,1
8378,A,1
9067,B,1
3379,A,1
9169,B,1
5932,D,1
3020,B,1
10143,B,1
6889,A,1
3482,C,1
6453,B,1
7660,B,1
3852,D,1
3054,A,1
728,B,0
6474,A,1
3371,A,1
10140,A,1
7132,B,1
6303,C,1
8804,C,1
5869,A,1
3452,A,1
5403,D,1
9673,B,1
4130,B,1
6960,B,1
8904,D,0
1477,B,1
6727,B,0
1869,C,1
6595,B,1
6024,D,1
1772,D,0
7542,D,1
7208,A,1
10077,C,1
4,D,1
4450,D,1
4574,D,1
2835,B,1
6293,A,1
8207,B,1
15,C,0
8208,B,1
8199,C,1
8195,A,1
20,A,1
19,D,0
8216,A,1
26,A,1
32,C,1
8225,A,1
8226,B,1
8227,D,1
8215,D,1
42,C,1
8231,A,1
8238,C,1
47,C,1
8240,C,1
8211,B,1
49,C,1
50,D,1
56,C,1
53,A,1
8248,B,1
8258,D,1
8256,B,1
8259,B,1
70,D,0
68,B,1
73,C,1
28,C,1
74,B,1
77,C,1
78,A,1
79,A,1
83,C,1
80,B,1
84,B,1
8277,D,1
55,D,1
8279,C,1
88,C,1
95,D,1
98,A,1
99,A,1
8303,D,1
115,A,1
8302,D,1
108,D,1
8306,C,1
8308,C,1
117,A,1
8305,B,1
8312,B,1
8316,A,1
123,D,1
129,A,1
8323,C,0
8325,B,1
131,B,1
133,A,1
8329,C,1
127,D,1
136,D,1
138,A,1
8333,C,1
143,B,1
142,A,0
8336,C,1
8337,D,1
8344,A,1
147,D,1
160,A,1
167,A,1
168,D,1
118,C,0
8353,C,1
166,D,1
8362,A,0
8372,A,1
8375,A,1
194,D,1
190,B,1
187,B,1
199,D,1
183,A,1
8389,D,1
8392,C,1
8394,B,1
8402,C,0
8346,B,1
8408,D,1
8409,D,1
220,A,1
8416,D,0
224,B,1
232,C,0
229,B,1
8425,C,1
236,B,1
8393,B,1
241,D,1
8414,A,1
244,C,1
247,B,1
8438,A,1
242,D,1
8421,C,1
8424,A,1
8451,B,1
256,B,1
8456,C,1
8440,C,0
254,B,1
8459,C,1
8446,C,1
270,B,1
8466,B,1
8461,C,1
267,B,1
274,C,1
8471,C,1
277,A,1
8468,A,1
283,C,1
8480,B,1
8483,C,1
281,B,1
299,C,1
8489,D,1
8495,D,1
8485,D,1
293,D,1
8500,D,1
313,B,1
8507,A,1
319,C,1
315,B,1
311,B,1
8512,B,1
323,C,1
8517,A,1
326,D,1
8523,B,1
332,D,1
335,C,1
333,C,0
8530,D,1
8529,C,1
338,C,1
339,C,1
8514,B,1
350,B,1
8539,A,1
351,D,1
8545,B,1
353,A,1
356,B,1
355,B,1
357,D,1
359,B,1
360,C,1
8550,B,1
8505,A,1
314,B,1
363,B,1
366,C,1
358,B,1
8558,B,1
8562,D,0
8564,D,1
8563,D,1
8561,B,1
8551,B,1
374,D,0
375,A,1
8569,D,1
377,D,1
380,C,1
8573,C,1
8572,C,1
8575,B,1
8566,A,0
384,C,1
8576,D,1
8579,B,1
390,C,1
8581,A,1
391,A,1
8584,C,1
402,C,1
397,B,1
8589,D,1
8595,C,1
8597,A,1
8598,D,1
8599,B,1
8600,A,1
395,B,1
418,A,1
423,D,1
424,C,1
434,B,1
409,D,1
435,B,1
414,B,0
8629,C,1
406,D,1
8633,A,1
442,B,0
443,D,1
444,A,1
446,C,1
445,A,1
8639,B,1
453,C,1
454,D,1
8647,A,1
457,C,1
430,D,0
8631,B,1
8651,A,1
460,D,1
8653,B,0
8654,A,0
8657,B,1
469,D,1
471,B,1
8665,D,1
473,A,1
8669,A,1
476,A,1
484,B,1
8672,D,1
479,D,1
8680,D,1
485,B,1
489,C,1
8681,A,1
490,A,1
496,C,1
497,D,0
8682,B,1
499,C,1
8691,D,0
8693,B,1
500,B,1
503,B,1
8696,B,1
506,D,0
516,B,1
8713,B,1
8719,B,1
8718,B,1
8722,C,1
8704,C,1
8723,A,1
531,A,1
519,B,1
8725,B,1
534,D,1
536,D,1
8735,B,1
532,D,1
8737,B,1
548,D,1
545,B,1
8747,D,1
557,C,1
541,D,1
559,A,1
8751,B,1
8721,B,1
522,D,1
561,C,1
8754,B,1
8755,D,1
8759,A,1
564,A,1
8761,A,1
570,D,1
8765,B,1
580,D,1
579,B,1
582,B,1
8774,D,1
8779,A,1
8781,A,1
8782,B,1
592,D,1
8791,B,1
599,B,1
8792,C,1
8796,A,1
604,B,1
603,B,1
8800,B,1
598,B,1
8808,A,1
616,B,0
8810,B,1
618,A,1
623,B,1
8813,A,1
630,B,1
631,C,1
8817,A,1
638,B,1
8837,D,1
636,D,1
8832,A,1
649,B,1
652,B,1
8843,B,1
619,B,1
656,C,1
660,B,1
661,A,1
662,D,0
646,B,1
8851,B,1
673,B,1
8856,C,1
8866,C,1
8865,B,1
677,D,1
666,B,1
675,D,1
8858,C,1
8870,B,0
681,C,1
678,C,0
8878,B,1
689,D,1
8877,B,1
8887,D,1
683,B,1
698,B,1
8892,C,1
8893,C,1
8894,A,1
8897,B,1
704,C,1
705,B,1
8914,B,1
714,A,1
723,C,1
737,A,1
8932,C,1
733,A,1
8933,C,1
746,B,1
8939,D,1
679,C,1
8959,C,1
8943,B,1
8952,B,1
762,C,1
767,C,1
8962,D,1
771,A,0
8966,D,1
8963,B,1
8965,A,1
773,C,1
778,B,0
8981,B,1
8976,C,1
786,D,1
784,D,1
790,B,1
8983,D,1
8982,A,1
8989,A,1
795,D,1
802,D,0
8990,D,1
8995,B,1
807,D,1
9000,A,1
810,B,1
9003,A,1
9002,C,1
812,B,1
9001,B,1
820,A,1
9009,A,1
9007,B,1
823,C,1
829,B,1
828,C,1
9029,D,1
839,D,1
832,B,1
9017,C,1
9033,A,1
9044,D,1
853,C,1
9049,B,1
858,C,1
9051,D,1
9045,C,1
864,C,0
9066,D,1
876,C,1
878,B,1
9074,C,1
882,C,1
889,C,1
890,C,1
9061,B,1
866,C,1
9083,B,1
9088,D,0
893,B,1
898,D,1
859,C,1
9091,C,1
905,C,1
906,C,0
908,C,0
9109,D,1
9103,B,1
9110,B,1
885,A,1
922,B,1
9111,C,0
924,D,1
9114,C,1
926,B,1
9119,D,1
928,A,1
9123,C,1
933,C,1
9124,C,1
9126,A,1
9127,B,1
934,C,1
929,C,1
9093,B,1
9129,C,1
9134,D,1
938,C,1
935,B,1
9138,B,1
940,A,1
9137,D,1
937,D,1
9139,A,0
948,D,1
9150,D,1
9143,A,1
949,C,1
9151,C,0
958,C,1
9154,C,1
9153,A,1
962,A,1
9156,B,1
9157,D,1
966,C,1
968,A,1
973,C,1
9161,C,1
9172,C,1
9177,A,1
987,D,1
9180,B,1
9168,C,0
980,C,1
981,A,1
9181,C,1
9183,B,0
9184,D,1
9185,B,1
9187,D,1
983,D,1
996,B,1
997,C,1
9191,C,1
1000,B,1
9190,C,1
1005,D,1
1009,A,1
1010,D,1
9202,A,1
1012,B,1
1016,C,1
9201,D,1
1020,B,1
9209,A,1
1022,B,1
1023,D,1
9213,A,1
1024,D,1
1025,B,1
9229,C,1
1027,A,1
9224,D,1
1038,D,1
1029,D,1
1039,C,1
9233,C,1
1037,D,1
1042,A,1
9237,D,1
1030,D,1
1044,C,1
9244,D,1
9241,C,0
1062,D,1
1058,C,1
1060,D,1
9255,C,1
1063,B,1
9258,B,1
9257,D,1
9263,A,1
1068,A,1
9265,C,1
9277,B,1
1085,A,1
9279,C,0
1088,A,1
1089,B,1
9281,C,1
9283,C,0
1094,B,1
1091,D,1
1095,D,0
1103,A,1
1107,B,1
9290,D,1
9300,D,1
1105,C,1
9304,B,1
9299,B,0
1114,B,1
1116,A,1
1118,B,1
9319,A,1
1124,D,0
9320,A,1
1129,C,1
1133,A,0
1134,D,1
9326,A,1
9328,A,1
9333,D,1
9334,B,1
1140,D,1
1136,D,1
1150,C,0
1152,A,1
9345,A,1
1147,A,1
1154,B,1
9340,D,1
1149,D,1
9346,C,1
1155,B,1
1159,D,1
9352,C,1
1163,A,1
9356,B,1
1162,D,1
9358,B,1
9359,C,1
9335,D,1
1167,D,1
1166,B,1
9369,A,1
1182,C,1
9363,A,1
1177,C,1
1184,D,1
9392,D,1
9376,D,1
1202,B,1
9385,A,1
1193,A,1
9388,C,0
9398,B,1
9402,D,1
1211,B,1
9404,D,1
9407,B,1
9409,C,1
1219,A,1
1213,C,0
9423,C,1
9414,C,1
9424,A,1
9426,C,1
9436,C,1
1246,C,1
1241,C,1
9434,C,0
9439,D,1
9455,B,1
1254,D,1
1258,C,1
1264,B,1
9456,C,1
9460,D,1
1263,C,0
9457,A,1
1268,B,1
9473,C,1
1274,D,1
1282,C,1
9476,D,0
9478,B,1
9489,A,1
9490,B,1
9477,B,0
1302,C,1
1300,B,1
1306,C,1
9494,C,1
1277,D,1
1308,D,1
1311,C,1
1307,C,1
9508,C,0
1316,D,1
9513,B,0
1278,B,1
1327,A,1
1326,B,1
1329,B,1
9526,C,1
1334,B,1
1338,B,1
1343,B,1
9538,A,1
1345,D,1
9539,C,1
1348,D,1
9465,C,1
1352,D,0
1349,B,1
1355,C,0
1354,D,1
9546,D,1
9554,C,1
1356,D,1
1364,B,1
1363,A,1
1366,A,1
9555,D,1
9560,C,1
9556,D,1
1373,D,1
1369,B,1
9567,A,1
1374,B,1
1379,C,0
1375,B,1
1381,D,1
1384,B,1
9566,B,1
1347,B,1
1362,C,1
9577,C,1
1387,A,1
9579,C,1
1394,D,1
1390,B,1
1399,D,1
1401,B,1
1402,C,1
1400,B,1
1404,C,1
9603,A,1
1413,B,1
1416,C,1
1410,C,1
9608,D,1
1421,B,1
1424,B,1
9616,A,1
1425,B,1
9599,A,0
9601,B,1
1429,B,1
9618,C,1
1430,A,1
9617,B,1
9614,A,1
1433,B,1
1431,A,1
1434,B,1
9628,C,0
9630,C,1
1438,C,1
1445,C,0
1444,C,1
9637,A,1
1447,B,1
9629,D,0
1449,B,1
1450,C,1
9644,D,1
1448,D,0
9647,B,1
9650,B,1
9657,B,1
9648,B,1
9659,B,1
1473,B,1
9665,B,1
9668,B,1
1483,A,1
9676,C,0
9677,B,1
1471,A,1
1465,B,1
9681,C,0
1488,A,0
1496,A,1
1492,A,1
1499,B,0
9693,D,1
1498,B,1
9688,A,1
1509,B,1
9702,C,1
9703,C,1
1518,A,1
1510,C,1
1515,C,1
1520,C,1
1524,D,1
9716,C,1
1527,D,0
9720,A,1
1526,C,1
1503,A,1
9725,C,1
9721,C,0
1532,D,0
9726,B,1
9718,D,1
1538,B,1
1539,A,1
1545,D,1
9734,D,0
9694,D,1
9738,C,1
1553,C,1
9744,B,1
9743,A,1
1555,C,0
1554,C,0
1561,B,1
9754,A,1
9759,C,1
9755,A,1
9762,D,1
1569,B,1
9770,A,1
1579,A,1
1582,A,1
9774,A,1
9776,D,0
9775,B,1
1585,B,1
1584,D,1
1594,D,1
1566,B,1
1591,B,1
1583,D,0
1595,C,1
9786,C,1
9788,B,1
1601,B,0
1603,D,1
1605,A,0
9794,D,1
1606,B,1
9797,C,1
9801,D,1
9803,A,1
9805,B,1
9806,C,1
1614,C,0
1616,D,1
1620,B,1
9809,A,1
1621,C,0
9814,B,1
1624,A,1
1622,B,1
1612,A,1
9817,D,1
1628,C,1
1625,D,1
9824,C,1
1632,A,1
9823,C,1
1629,D,1
1635,D,1
9822,A,1
9828,C,1
1641,B,1
9831,C,1
9834,B,1
1643,A,1
1642,B,1
9838,D,0
1650,B,1
9846,A,1
9842,D,0
9848,A,1
1662,A,1
9851,A,0
1670,B,1
1672,B,1
9821,A,1
9868,C,1
1679,B,1
9840,B,1
9867,D,1
9857,B,1
9871,A,1
9874,D,0
1675,A,1
1680,C,0
1686,B,1
9880,D,0
1682,D,1
9875,D,1
1690,C,1
1684,B,1
1691,B,0
1685,D,1
9892,C,1
1694,C,1
9898,B,1
9895,C,1
1703,C,1
1711,A,1
1712,C,1
1713,A,1
1709,A,1
9904,C,1
1716,D,1
1707,D,1
9906,B,1
1717,B,1
9915,C,1
9921,B,0
1733,A,1
9927,B,1
9930,D,1
9932,A,1
1740,C,1
9923,B,1
9907,A,1
9943,A,1
9939,D,1
9937,D,1
1752,C,1
1754,B,1
9948,B,1
9947,C,1
9950,C,1
9957,A,1
9956,A,1
1749,C,1
9942,D,1
1764,C,1
1771,D,1
9960,D,1
9958,A,0
9969,A,1
1773,D,0
9970,B,1
9971,B,1
1783,D,1
1782,D,1
9977,D,1
1765,A,1
9981,C,1
9983,B,1
9987,B,1
9989,D,1
1795,B,1
9986,A,1
1796,C,0
9991,D,1
1799,D,1
9992,C,1
9995,B,1
1806,D,1
9998,A,1
1808,D,1
10003,A,1
9994,D,1
1813,D,1
1815,A,1
10004,D,1
1817,D,0
1820,C,1
1821,A,1
10015,D,0
1822,B,1
10013,C,1
10014,D,0
1831,B,1
1829,A,1
9997,B,1
10029,A,1
1837,D,1
10032,D,1
1832,D,1
1836,C,0
1840,B,1
1835,B,1
10035,B,1
10039,B,1
1849,B,1
1847,A,1
10040,C,1
10044,D,1
1852,C,1
1854,C,1
10047,D,1
1859,D,1
10051,B,1
1862,A,1
10055,A,1
1866,A,1
1827,D,1
10063,A,1
1874,B,1
10034,D,0
10069,A,1
1878,C,1
10073,D,1
1860,B,1
1879,A,1
1886,D,0
10079,B,1
10078,C,1
10082,B,1
10083,B,1
10070,D,1
10084,B,1
1894,D,1
10086,B,0
1887,D,1
1899,B,1
1901,B,1
1902,B,1
10096,A,1
1906,A,1
10102,D,1
10103,C,1
10108,B,1
10072,C,1
1923,A,1
1919,C,1
1925,D,1
1926,B,1
10124,A,1
10125,D,1
10127,A,1
1935,C,1
10134,A,1
10135,B,1
1946,C,1
1953,B,1
10115,C,1
1956,C,1
1952,D,1
10131,D,1
10136,A,1
10151,A,1
10148,A,1
1959,C,1
10154,A,1
1966,C,1
10155,C,1
1974,C,1
1978,A,1
1975,A,1
1984,C,0
1988,B,1
1989,C,1
10161,C,1
1957,D,1
1995,D,1
2007,C,1
10171,A,1
1987,B,1
2001,B,0
1997,C,1
2011,C,1
2020,C,1
2008,A,1
2018,D,1
2026,D,1
2029,C,1
2023,B,1
2046,D,1
2037,B,1
2052,A,1
2055,C,1
2060,B,1
2050,D,0
2036,D,1
2054,B,0
2075,B,1
2086,C,1
2064,B,1
2082,C,1
2090,C,1
2087,D,1
2076,A,1
2096,A,1
2074,C,1
2097,A,1
2100,A,0
2101,C,1
2104,C,0
2109,D,1
2111,A,1
2117,B,1
2114,B,1
2115,C,1
2118,A,1
2127,B,1
2128,D,1
2131,C,1
2136,A,1
2135,A,1
2141,D,1
2142,D,1
2144,C,1
2147,B,0
2151,D,1
2148,D,1
2157,A,1
2116,B,1
2164,C,1
2159,D,1
2168,C,1
2139,C,1
2169,B,1
2178,C,1
2171,D,1
2176,D,1
2189,D,1
2187,A,1
2192,B,1
2195,D,1
2198,A,1
2201,D,1
2211,D,1
2199,A,1
2217,C,1
2221,C,1
2245,D,1
2240,D,1
2256,D,0
2214,C,1
2258,A,1
2267,A,1
2266,B,1
2260,A,1
2270,C,1
2271,C,1
2272,A,1
2273,D,1
2287,C,0
2288,C,1
2293,D,1
2294,A,1
2296,D,1
2297,C,1
2301,C,1
2310,D,1
2306,B,1
2309,C,1
2312,A,0
2313,D,0
2315,C,0
2323,C,1
2318,C,1
2329,B,1
2340,D,0
2343,A,1
2349,D,1
2352,D,1
2324,B,1
2354,A,1
2357,B,1
2363,B,1
2365,C,1
2368,A,1
2374,D,1
2379,D,1
2338,B,1
2337,C,0
2397,C,1
2387,A,1
2398,B,1
2391,B,1
2382,A,1
2413,B,1
2404,B,1
2410,A,1
2405,B,1
2395,D,0
2428,D,1
2434,A,0
2429,A,1
2439,C,1
2446,A,1
2447,A,1
2438,A,1
2450,C,1
2443,D,0
2464,B,1
2452,B,1
2474,D,1
2465,D,1
2457,C,1
2478,C,0
2463,B,1
2479,D,1
2492,D,1
2494,B,0
2455,C,1
2495,C,1
2515,D,1
2513,A,0
2497,C,1
2523,C,1
2524,C,1
2548,A,1
2531,B,1
2549,A,1
2537,B,0
2557,B,1
2572,D,1
2571,B,1
2561,D,1
2573,A,1
2575,C,1
2576,A,1
2579,A,1
2580,D,1
2583,A,1
2587,A,1
2599,A,1
2591,B,1
2590,D,1
2605,A,1
2559,B,1
2607,C,1
2610,C,1
2619,C,1
2621,C,0
2611,D,1
2624,A,1
2612,D,1
2626,A,1
2637,B,1
2617,B,0
2628,D,1
2640,D,1
2641,B,1
2648,D,1
2650,A,1
2652,B,1
2630,A,1
2623,C,1
2662,D,1
2663,A,1
2674,C,1
2683,B,1
2686,D,1
2687,B,1
2698,C,1
2708,C,1
2710,D,1
2712,C,0
2723,A,1
2716,D,0
2727,B,1
2681,B,1
2726,D,0
2730,C,1
2725,A,1
2735,B,1
2762,C,1
2769,D,1
2778,C,1
2773,B,1
2779,C,1
2766,B,0
2732,A,1
2787,D,1
2789,A,1
2798,D,1
2737,C,0
2791,B,1
2807,D,1
2810,D,0
2814,C,1
2799,A,1
2825,D,1
2821,C,1
2829,A,1
2830,B,1
2806,A,1
2839,B,1
2831,C,1
2848,B,0
2852,A,1
2845,C,1
2853,C,1
2834,A,1
2860,D,0
2857,A,1
2865,A,1
2873,B,1
2882,A,1
2875,B,1
2885,C,1
2891,A,1
2903,A,0
2850,C,1
2904,A,1
2905,C,1
2910,A,1
2928,D,1
2929,C,1
2939,C,1
2944,D,1
2930,B,1
2947,B,1
2951,C,1
2959,C,1
2961,A,1
2966,C,1
2967,A,1
2974,C,1
2950,D,0
2953,C,1
2977,B,1
2978,D,1
2932,A,1
2980,B,1
3002,C,1
3012,A,1
3024,B,1
2994,A,1
2998,D,1
3000,B,1
3032,C,0
3006,C,1
3037,A,1
3038,C,1
3041,C,1
3042,B,1
3044,B,1
3045,C,1
3051,D,0
3049,D,1
3028,A,1
3062,D,1
3071,A,1
3057,B,1
3056,C,1
3066,C,1
3058,B,1
3073,C,1
3075,B,1
3109,D,1
3112,A,1
3124,C,1
3125,C,1
3126,B,1
3136,B,1
3133,B,1
3140,B,1
3147,B,0
3117,B,1
3137,B,0
3149,C,1
3154,A,1
3170,A,1
3174,C,1
3175,C,1
3180,A,1
3164,A,1
3183,B,1
3193,B,1
3191,B,1
3195,A,1
3196,A,1
3202,A,1
3206,A,1
3204,D,1
3211,A,1
3212,C,1
3245,B,1
3250,D,0
3252,A,1
3253,B,0
3249,B,1
3209,B,1
3264,A,1
3278,D,0
3279,D,1
3234,C,1
3228,A,1
3288,B,1
3259,D,1
3292,B,0
3296,D,1
3304,D,1
3305,C,1
3263,D,1
3319,C,1
3327,D,1
3313,C,1
3316,A,1
3310,B,1
3317,A,1
3343,D,1
3330,B,1
3347,C,0
3359,B,1
3357,B,1
3374,B,1
3376,D,1
3378,B,1
3382,A,1
3394,A,1
3413,A,1
3400,D,1
3375,A,0
3421,A,1
3429,C,1
3422,B,1
3448,B,1
3441,B,1
3450,A,1
3467,B,1
3461,B,1
3468,C,1
3470,C,1
3472,A,1
3477,C,1
3486,C,1
3488,B,1
3489,C,1
3390,A,1
3490,D,1
3431,A,1
3496,B,1
3505,A,1
3509,A,1
3511,C,1
3510,D,1
3523,C,1
3539,D,1
3525,D,1
3527,D,1
3535,A,1
3548,A,1
3553,C,1
3560,D,1
3559,A,1
3567,A,1
3569,A,1
3516,B,1
3582,A,1
3583,C,1
3576,A,1
3588,B,0
3570,D,1
3574,B,1
3591,B,1
3606,B,1
3610,B,0
3613,A,1
3615,D,0
3597,C,1
3593,C,1
3602,A,1
3587,A,1
3618,C,1
3624,C,1
3620,C,1
3633,B,1
3638,C,1
3643,B,0
3653,A,1
3641,C,1
3617,C,1
3657,A,0
3662,B,1
3664,C,1
3674,B,1
3684,A,0
3694,B,0
3672,A,1
3673,A,1
3698,D,1
3703,C,1
3704,A,1
3705,B,0
3714,B,1
3717,C,1
3708,B,1
3723,D,1
3753,C,1
3752,B,1
3711,A,1
3757,C,1
3760,A,1
3746,A,1
3728,B,1
3770,C,1
3771,A,1
3773,C,1
3786,B,1
3775,B,1
3788,D,1
3791,C,1
3795,A,0
3797,C,1
3796,D,1
3800,B,1
3802,B,1
3801,A,1
3812,D,1
3807,A,1
3816,B,1
3829,C,1
3843,C,1
3855,D,1
3848,D,0
3850,A,1
3860,A,0
3894,B,1
3898,C,1
3903,D,1
3905,A,1
3859,C,1
3910,B,1
3921,B,1
3891,C,1
3886,A,1
3934,A,1
3896,A,1
3938,A,1
3937,D,1
3936,C,1
3939,D,1
3941,C,1
3959,A,1
3943,B,1
3944,B,1
3960,B,1
3967,D,1
3978,D,0
3969,A,1
3983,B,1
3985,B,0
3986,D,1
3987,D,1
3991,A,1
3993,D,1
3994,B,1
3995,A,1
3981,A,1
4016,D,1
4022,D,1
4007,D,1
4009,B,1
4013,C,1
4008,A,1
4023,D,1
4025,C,1
4026,B,1
4024,C,1
4029,D,0
6148,A,1
6147,B,0
6144,B,0
4100,B,1
4106,B,1
6157,A,1
6156,A,1
4111,A,1
6162,D,1
6159,B,1
4115,D,1
4114,D,1
6169,A,1
4122,A,1
6174,B,1
6171,B,1
6183,B,1
6170,D,1
4137,C,1
6188,B,1
6192,B,1
6196,A,1
6199,B,1
6206,B,1
6185,B,1
4157,C,1
6208,C,1
6210,D,1
4163,D,1
6146,C,1
6213,D,1
6212,D,0
4164,B,1
4146,B,1
4168,B,1
4175,B,1
4176,D,1
4177,C,1
4178,D,1
6225,C,1
4180,A,1
6229,D,1
4181,C,1
4185,A,1
6231,C,1
6242,C,1
4190,B,1
6234,A,0
6238,D,0
6237,A,1
4197,C,0
4196,B,1
4200,D,1
4198,D,1
4201,B,0
4207,A,1
4205,D,1
6249,B,1
6253,B,1
6256,C,1
6257,B,1
6259,C,1
4212,D,1
6258,B,1
4224,B,1
4226,A,1
6278,A,1
6260,A,1
4231,D,1
4218,B,0
4217,C,1
6268,C,1
6281,A,1
6279,B,1
6284,A,1
6280,B,1
6287,A,0
4244,B,1
6296,B,1
4250,B,1
4252,B,1
4256,B,1
4257,A,1
4243,A,1
4247,B,1
6291,C,1
4261,C,1
6138,A,1
6139,A,1
4264,D,1
6310,D,1
6314,D,1
4272,B,1
4274,B,0
6140,A,1
6322,D,1
4275,B,1
4277,C,1
4278,B,0
6329,B,1
4268,B,1
6330,D,1
6331,A,1
4283,C,1
6334,D,1
6336,B,1
4293,D,1
6342,D,1
6341,D,1
6339,C,1
6350,C,1
6360,B,1
6361,A,1
8184,A,1
6363,A,1
6365,D,1
4309,D,0
8183,D,1
4308,D,1
6352,A,0
6374,C,1
6368,B,1
4330,B,1
6377,B,1
4333,D,1
4332,A,1
4334,A,1
6381,C,1
6387,A,1
6390,A,1
4340,C,1
4344,B,1
4348,C,1
4345,A,1
4347,C,0
6396,B,1
6401,C,1
6376,D,1
6397,C,1
4354,C,1
6404,D,1
6406,D,1
4358,B,1
4367,C,1
4368,C,1
6415,D,1
4369,D,0
6416,D,1
4372,C,1
6417,D,1
6419,C,1
6420,D,1
4364,C,1
6423,A,1
4380,A,1
6428,D,1
4378,C,1
4384,C,1
6434,B,1
4391,A,0
6438,C,1
6439,D,0
4396,A,1
6441,C,1
4398,C,1
6444,C,1
4399,B,1
6447,D,1
4411,C,1
6454,A,1
4413,A,0
6460,C,1
6446,A,0
6462,C,1
4416,D,1
4414,D,1
6457,A,1
6463,B,1
4421,C,1
4419,A,1
4425,C,1
6473,C,0
4434,B,1
6483,C,1
4438,C,1
6482,A,1
6489,B,1
6486,C,1
6491,A,1
6492,D,1
6493,D,1
4447,B,1
4449,A,1
4448,B,1
4400,C,1
6497,C,1
6496,C,1
4455,A,1
6499,B,1
4456,B,1
6506,B,1
6508,C,1
4426,D,1
4428,A,1
4471,C,1
4464,B,0
6522,A,1
4477,A,1
4481,A,1
6530,D,1
4482,C,1
6534,B,1
6529,C,1
6537,D,0
4491,A,1
4492,D,1
4484,C,0
4493,B,1
6542,A,1
6538,D,1
6546,A,1
6543,C,1
4496,B,1
4495,D,1
6550,D,1
4507,C,1
4523,A,1
4525,B,1
6552,B,1
4505,C,1
4526,D,1
6576,B,1
4508,A,0
6556,B,1
4532,D,1
4536,A,1
6583,C,1
6582,B,1
4538,B,1
4539,C,0
6586,B,0
4541,B,1
6588,C,1
6598,C,1
6590,C,1
4558,B,1
6603,A,0
4559,A,1
6605,B,1
6608,D,0
6607,A,1
4563,D,1
6609,D,1
4565,B,1
6611,C,1
6613,D,1
6615,B,1
6619,A,1
6620,A,1
4557,C,1
4577,C,1
6625,A,1
4547,B,1
4552,C,1
4579,B,1
6628,D,1
4581,A,1
4583,D,1
6629,D,1
4585,C,1
4587,C,1
6634,C,1
6630,D,1
6631,A,1
6636,A,1
4591,A,1
6647,A,1
4595,A,1
4598,D,1
4601,D,1
4615,A,1
4620,B,1
4605,C,1
4609,C,1
4632,B,1
6681,D,1
6679,C,1
6682,C,0
6677,D,1
4635,B,1
4637,C,1
4638,A,1
4639,C,1
6685,C,1
6655,C,1
6687,D,1
6686,A,0
6689,B,1
4644,B,1
4646,B,1
6695,D,1
6693,A,1
6699,C,1
6701,B,1
4681,C,1
4677,C,1
4653,A,1
6731,B,1
4687,B,1
4688,D,1
6730,C,1
4684,C,1
4683,B,1
4685,D,1
4693,A,1
4694,D,1
4696,C,0
4697,D,0
4699,B,1
6745,D,1
6754,A,1
6738,C,1
6750,D,1
4707,B,1
6755,D,1
6757,C,1
4708,C,1
6741,C,1
4692,C,1
6766,C,1
6759,B,1
6761,B,0
4726,A,1
4721,D,1
4728,D,1
4718,A,0
6783,B,1
6785,A,1
6777,C,1
4738,C,1
4731,B,1
6778,A,1
4744,C,1
6793,C,1
6795,C,1
6797,B,1
4746,D,1
4751,D,1
4733,A,0
6799,B,1
4753,B,1
4755,D,1
6806,A,1
4764,A,1
6802,C,1
6800,A,1
4766,D,1
4769,A,1
4768,C,1
4774,A,1
6819,B,0
6825,A,1
6828,D,1
4784,A,1
6833,A,1
4791,D,1
4792,C,1
6839,B,1
4793,C,1
4795,B,1
6843,D,1
4798,C,1
4796,B,1
6846,B,1
4799,C,0
6849,A,1
6848,B,0
6851,C,1
4802,D,1
4805,A,1
4806,C,1
4810,A,1
6856,A,0
6794,A,1
6834,C,1
4823,C,1
6875,A,1
4819,B,1
6861,C,1
6870,A,1
6878,D,1
6871,B,1
4832,C,1
4831,D,1
4833,D,1
4834,D,1
6883,C,1
6894,A,1
6890,D,1
4847,C,1
6896,D,0
4849,A,1
6897,B,1
4841,C,1
4860,B,1
4854,A,1
6909,A,1
6910,C,0
4862,C,0
4864,A,1
6912,D,1
4868,A,1
4876,D,1
6924,A,0
4879,C,1
4853,B,1
4881,A,1
4882,C,1
4883,B,1
6931,A,1
4885,A,1
4893,D,1
6941,D,0
4897,C,1
6948,A,1
4904,D,1
4907,C,1
6957,A,1
4912,B,1
6946,C,1
6922,A,1
4914,A,1
6944,C,1
4919,B,1
6976,A,1
6977,B,1
4931,B,1
6981,A,1
6984,D,1
4940,D,1
4937,B,1
4946,A,1
6988,A,1
4944,A,1
4948,A,1
6998,A,1
4951,D,1
6999,D,1
4955,A,1
7005,B,1
7008,C,1
7002,A,1
4965,C,1
7017,D,1
7018,B,1
4974,C,1
4976,D,1
7024,A,1
4979,C,1
4973,A,1
7012,C,1
4975,B,1
7030,B,1
4980,C,1
7032,D,1
7040,B,1
4990,C,1
4985,C,1
4999,C,1
7033,C,1
7047,B,1
7048,A,1
5003,C,1
5001,C,1
5004,B,1
7052,B,1
7051,B,1
7053,D,1
7055,B,1
5022,B,1
5023,B,1
7074,B,1
7056,B,1
7076,D,1
5020,A,1
7082,A,1
5021,C,1
7059,A,1
5037,B,1
5036,C,1
7089,A,1
5042,A,0
7092,A,1
7091,C,1
5047,B,1
5035,A,1
7096,B,1
5051,C,0
5058,A,1
5059,C,1
5060,B,1
7108,A,1
7109,B,1
5062,C,1
7113,B,1
7114,A,1
5070,D,1
5072,D,1
5075,D,1
7123,C,1
5050,D,1
5077,C,1
5086,A,1
7135,D,1
5088,B,1
7138,A,1
5089,D,1
5095,B,1
7141,B,1
5093,C,1
7143,D,1
5097,C,0
7142,D,1
5103,A,1
7152,C,1
7145,C,1
5092,D,1
5091,C,1
5110,B,1
5107,D,1
7155,D,1
5116,A,1
5115,B,1
7165,D,1
7168,B,1
7167,B,1
7169,A,1
5122,A,1
5125,B,1
7176,A,1
7178,A,0
5130,A,1
5135,B,0
5132,D,1
5137,D,1
5147,B,1
5146,D,1
7187,D,1
7197,D,1
5143,B,1
7198,B,1
7202,D,1
5152,C,1
7214,C,1
7215,C,1
5169,A,1
5159,D,1
5163,C,1
5164,B,1
7213,A,1
7217,B,1
5171,D,1
5175,D,1
5178,D,0
7230,D,1
7232,C,1
5186,B,1
5188,D,1
5189,A,1
7225,B,1
7227,B,1
7235,D,1
7237,D,1
7236,A,1
7240,D,1
5194,B,0
7242,A,1
7244,C,0
5198,A,1
7249,B,0
5206,D,0
5204,C,0
5207,C,0
5208,D,1
5209,C,0
7262,D,1
5218,A,1
5219,B,1
5220,A,1
5221,D,1
7267,B,1
5223,B,1
5226,A,1
7276,D,0
5230,C,1
5232,A,1
7277,B,1
5233,B,1
5234,A,1
7278,B,1
7279,A,1
5238,B,1
7289,C,1
5242,C,1
5245,C,1
5229,D,0
7282,D,0
7308,A,1
5269,B,0
7298,C,1
5251,B,1
7321,B,1
7324,D,1
7326,A,1
7307,A,1
5279,C,1
7327,D,1
7334,A,0
5283,C,1
7343,D,1
5288,A,1
7344,C,1
5305,B,1
5311,A,1
7304,A,1
5308,B,1
7368,C,1
5314,A,1
7363,C,1
5321,B,1
7366,A,1
7359,D,1
5323,C,1
5326,B,1
5329,B,1
7384,D,0
5339,A,1
5340,D,1
5342,C,1
7389,A,1
7390,D,1
7394,A,1
5347,C,1
5353,B,1
5330,B,0
7405,C,1
7387,D,1
7399,B,1
7406,C,1
7400,C,1
7407,D,1
5362,B,1
5363,C,1
7410,D,1
7411,C,1
7412,A,1
7414,A,1
7419,A,1
7415,D,1
7422,C,1
5376,A,1
5370,D,1
5367,A,1
5387,B,1
7436,B,1
7444,C,1
7439,B,1
5382,A,1
5385,C,0
5397,C,0
5399,B,1
7445,D,1
7434,A,1
7446,D,1
7451,C,1
7447,D,1
7453,D,1
7452,D,1
7458,C,1
7460,C,1
7459,D,1
5416,A,1
7466,C,1
7462,B,1
5413,C,0
5419,B,1
7467,D,1
5425,A,1
7475,D,1
5427,D,0
5431,D,1
7487,C,1
5433,B,1
7489,A,1
7490,D,1
5429,A,1
5443,D,0
7491,D,0
5445,A,1
7478,D,1
7496,D,1
7501,A,1
5449,D,1
5456,C,1
7500,C,0
7504,D,1
7506,B,1
5461,C,1
7512,D,1
5473,C,1
7522,C,1
5465,C,0
7521,B,1
5482,D,1
5483,C,1
5466,A,1
5484,D,0
5486,A,1
5487,D,1
5485,D,1
7530,B,1
7541,B,1
5499,A,1
7536,C,1
5498,A,1
7548,B,0
5506,C,1
5504,A,1
7555,B,1
5508,B,1
7559,D,1
5512,A,1
7556,C,1
7563,B,1
7566,D,1
7567,B,1
5519,A,1
5521,B,1
7570,B,1
7578,D,1
7580,A,1
5538,D,1
7583,C,1
5541,D,0
5517,C,1
5533,A,1
7591,A,1
5548,A,1
7599,D,1
7596,C,1
7603,C,1
7604,B,1
7600,C,1
7597,D,1
5559,A,1
7608,D,1
7612,D,1
5576,C,1
5567,A,0
5577,B,1
7627,A,1
5570,A,1
7629,C,1
7634,B,1
5587,D,1
7637,D,1
5592,A,1
5590,C,1
7642,D,0
7643,C,1
7645,A,1
7652,C,1
5602,A,0
7651,C,0
5605,D,0
5606,A,1
7653,D,1
7659,C,1
7656,C,1
5613,C,1
7648,A,0
5601,A,1
7662,C,1
7665,A,1
5620,B,1
5622,D,1
7661,B,1
5617,A,1
7681,B,1
5634,B,1
5636,A,1
5637,A,1
5628,A,1
7676,D,1
5640,D,1
7680,C,1
5645,D,1
5650,B,1
5646,D,1
7698,A,1
5655,D,1
5656,C,1
5659,C,1
7710,B,1
7714,B,1
5665,B,1
5668,D,1
5669,C,0
7719,B,1
7718,D,1
5673,A,1
7740,B,1
7728,A,1
5694,A,1
5695,B,1
7741,A,1
7743,B,1
5698,C,1
5699,A,1
5701,A,1
5700,D,0
7747,B,1
5715,D,0
5713,A,1
7762,A,1
7761,C,1
5720,B,1
7763,B,1
5717,B,1
7766,B,1
7768,B,1
7771,C,1
5734,D,1
5730,D,1
7781,B,1
5736,A,0
5738,B,0
7789,C,1
5743,A,1
7797,C,1
5733,B,1
5750,A,1
7799,B,1
5751,B,1
5761,C,1
5763,C,1
5766,A,0
5770,C,1
7818,D,1
7819,C,1
7820,A,1
5776,B,1
5764,D,1
7830,C,1
7828,C,1
7831,A,1
5785,C,1
5789,A,1
5795,A,1
7838,A,1
5802,D,1
5804,A,1
5805,B,1
7852,C,1
5807,C,1
7854,B,0
5809,D,1
7856,D,1
7859,A,1
7861,A,1
7855,C,1
7863,D,1
5820,B,1
7864,A,1
7870,A,1
7868,B,1
7874,C,1
5826,D,1
5828,D,1
5811,A,1
7876,B,1
5831,B,1
7877,D,1
7885,B,1
5836,A,1
7889,C,1
5843,D,1
7892,C,1
5829,A,1
5832,C,1
7895,C,1
5850,C,1
5851,A,1
7900,C,1
7902,C,1
7903,C,0
5856,C,0
7904,A,1
7913,C,1
5868,A,1
5870,B,1
7919,A,1
5873,D,1
7929,D,1
5885,B,1
7933,D,1
5887,D,1
7935,B,1
7937,B,1
5890,B,1
7939,A,1
5895,D,1
7947,B,1
5898,B,1
7943,D,1
7953,A,1
5903,A,1
5904,C,1
5910,B,1
7958,A,1
7960,A,1
7963,A,1
5917,C,1
7915,C,1
7966,D,1
7968,A,1
5921,B,1
7970,B,1
7971,B,1
7975,D,1
5926,B,1
7977,A,0
7972,C,1
7978,C,1
7982,A,1
5937,A,1
5931,A,1
5936,A,0
7990,C,1
5940,C,1
5947,C,1
7991,C,1
5950,C,1
8000,A,1
5952,C,1
7979,C,1
5955,B,1
8003,B,0
5960,A,1
5958,A,1
5961,C,1
5963,C,1
8014,B,0
8018,C,1
8010,D,1
5972,D,1
5973,D,1
8020,A,1
8017,B,0
5979,D,1
5981,D,1
5982,A,1
8033,B,1
5978,B,1
8038,D,1
8035,B,1
5992,C,1
5985,B,1
5996,A,1
8039,B,1
8030,C,0
5997,A,0
8044,B,1
8047,C,1
8048,C,1
8049,D,0
8051,C,1
6004,C,1
6005,A,1
6006,B,1
6009,B,1
8059,D,1
6012,B,1
6016,B,1
8063,B,1
6018,C,1
8068,A,1
6023,A,1
6021,D,1
6022,C,1
6032,B,1
8072,D,1
8082,C,1
8081,D,1
6036,C,1
6047,B,1
8089,A,0
6046,B,1
8079,D,1
8097,B,1
8099,A,1
8103,C,1
6057,B,0
6063,C,1
8112,A,1
8078,B,1
8114,C,1
6065,C,1
8120,C,1
8118,D,1
6071,D,1
8124,A,1
4031,D,1
8128,B,1
8131,D,1
6084,A,1
6086,A,1
8136,D,1
8133,B,1
8138,D,1
4046,D,1
8143,B,1
4034,D,1
6097,C,1
4050,C,1
6098,B,1
6101,B,1
6099,A,1
8144,A,1
6094,B,1
8145,B,1
6103,A,1
8154,D,1
8147,B,1
4059,C,0
6108,C,1
8158,C,1
8159,A,1
8164,C,1
4071,B,1
6121,B,1
8166,A,1
4074,C,1
8161,B,1
8168,A,1
6116,B,1
4076,D,0
4070,C,1
6126,C,1
8178,A,1
6133,D,0
8181,A,1
4088,D,1
6137,C,1
4091,B,1
4092,C,1
8182,C,1
6134,D,1
8171,C,1
4090,C,1
4402,C,1
6337,B,1
7493,A,1
7495,D,1
6347,B,1
4298,D,1
6348,C,1
