test_idx,train_idx
0,2983
0,7425
0,3581
0,7077
0,1856
1,9605
1,7837
1,6029
1,8406
1,2220
2,7352
2,5525
2,6135
2,9779
2,5016
3,2072
3,9711
3,2406
3,578
3,7042
4,348
4,6318
4,1615
4,2895
4,2840
5,8675
5,4051
5,10076
5,6864
5,3236
6,5249
6,9719
6,6191
6,3831
6,8702
7,1823
7,8134
7,868
7,4253
7,508
8,1097
8,2532
8,6277
8,3205
8,225
9,9836
9,8945
9,9026
9,7223
9,2965
10,7037
10,766
10,3909
10,549
10,10089
11,3381
11,456
11,8484
11,4567
11,9540
12,13
12,8092
12,1121
12,1961
12,10157
13,835
13,8356
13,7060
13,8455
13,5883
14,6877
14,4435
14,8860
14,1484
14,150
15,2208
15,9438
15,5406
15,4094
15,9175
16,3297
16,9624
16,7707
16,5600
16,5684
17,647
17,2179
17,5623
17,10028
17,1572
18,9128
18,3565
18,4655
18,8863
18,3236
19,4249
19,985
19,8969
19,721
19,6214
20,1281
20,1370
20,1567
20,9077
20,373
21,3925
21,9787
21,8777
21,4924
21,5195
22,6768
22,870
22,8510
22,925
22,8241
23,1195
23,8583
23,2202
23,7309
23,6127
24,7036
24,3388
24,5040
24,5243
24,3494
25,4963
25,1599
25,9303
25,538
25,7639
26,1341
26,1265
26,8309
26,6481
26,4038
27,4930
27,7216
27,2522
27,4580
27,6109
28,1234
28,7757
28,6501
28,9492
28,8660
29,2371
29,8261
29,8401
29,2908
29,7774
30,3308
30,4171
30,6872
30,6743
30,1936
31,3023
31,341
31,8632
31,1651
31,1699
32,8298
32,1576
32,8608
32,8071
32,4830
33,1076
33,3739
33,821
33,8315
33,5320
34,2140
34,7810
34,1649
34,440
34,1479
35,7537
35,6351
35,755
35,1008
35,3561
36,6008
36,533
36,6772
36,6812
36,9707
37,8910
37,5013
37,5741
37,1542
37,4689
38,3108
38,8541
38,1704
38,8906
38,8324
39,2409
39,5724
39,5018
39,8701
39,6643
40,1079
40,5384
40,1880
40,7898
40,9102
41,7204
41,4210
41,8172
41,9847
41,722
42,1252
42,6088
42,9483
42,9072
42,3963
43,8204
43,3290
43,5357
43,6533
43,4865
44,3702
44,7423
44,10007
44,6265
44,4169
45,3956
45,9204
45,3365
45,8160
45,1172
46,1704
46,4374
46,7402
46,3668
46,5797
47,1540
47,3061
47,6987
47,51
47,7285
48,1305
48,8095
48,9596
48,2738
48,6895
49,5166
49,8968
49,3270
49,4691
49,3398
50,1921
50,6029
50,3088
50,2990
50,6181
51,4813
51,7293
51,10010
51,6264
51,3515
52,730
52,4159
52,2851
52,5671
52,7585
53,10036
53,6490
53,1747
53,7195
53,2079
54,6942
54,3748
54,2824
54,9312
54,1855
55,10101
55,104
55,9580
55,10085
55,8873
56,7745
56,3047
56,3748
56,2194
56,1269
57,2355
57,2897
57,9711
57,5545
57,4312
58,9835
58,7312
58,6501
58,3712
58,8086
59,2196
59,2780
59,9415
59,2336
59,9705
60,1299
60,10020
60,5501
60,8776
60,941
61,5801
61,10109
61,6587
61,551
61,3287
62,2578
62,1365
62,8196
62,6110
62,1253
63,9015
63,676
63,7246
63,8025
63,1455
64,1257
64,8496
64,4852
64,5494
64,5049
65,1015
65,6421
65,9587
65,8244
65,7824
66,8967
66,8062
66,4871
66,2327
66,7338
67,4666
67,814
67,181
67,7696
67,4052
68,3822
68,9497
68,857
68,2034
68,2719
69,7934
69,7382
69,7492
69,2931
69,5927
70,9636
70,200
70,209
70,7494
70,10021
71,1920
71,6327
71,349
71,2625
71,8465
72,8384
72,5514
72,6190
72,2300
72,8935
73,3980
73,4003
73,3949
73,744
73,5892
74,1407
74,4608
74,1210
74,1014
74,644
75,3514
75,4512
75,9882
75,3856
75,7373
76,205
76,8513
76,8105
76,7514
76,233
77,2826
77,4954
77,682
77,6320
77,8533
78,2879
78,5195
78,6591
78,3092
78,107
79,3478
79,5495
79,7897
79,6991
79,5899
80,8213
80,6979
80,8173
80,1486
80,388
81,3825
81,7010
81,4789
81,9321
81,5563
82,2511
82,526
82,2138
82,5291
82,3557
83,9547
83,6511
83,621
83,813
83,4704
84,900
84,960
84,9174
84,6760
84,2771
85,9026
85,8820
85,1137
85,9336
85,7110
86,9189
86,2771
86,4219
86,4101
86,5842
87,8814
87,2106
87,5039
87,8371
87,1428
88,3580
88,1920
88,2625
88,8590
88,349
89,401
89,5274
89,5302
89,6627
89,5892
90,9268
90,1698
90,2130
90,8689
90,7997
91,5195
91,7148
91,3513
91,6286
91,6591
92,3074
92,9751
92,5542
92,2827
92,8487
93,1833
93,4600
93,177
93,2155
93,1725
94,3384
94,1528
94,5495
94,2625
94,8590
95,10169
95,5946
95,10094
95,3132
95,8702
96,3433
96,2593
96,4676
96,1922
96,1275
97,2656
97,2207
97,1171
97,9973
97,8538
98,4910
98,7241
98,2504
98,950
98,2898
99,1269
99,7951
99,8744
99,2824
99,8743
100,7641
100,1117
100,3955
100,4607
100,1297
101,8679
101,3877
101,8829
101,3977
101,7025
102,5767
102,9433
102,285
102,8919
102,9735
103,6593
103,5974
103,7803
103,382
103,3990
104,7117
104,1789
104,5386
104,1986
104,8831
105,6809
105,1890
105,8088
105,9633
105,6762
106,8908
106,5317
106,6712
106,4535
106,1543
107,3690
107,3065
107,6062
107,9675
107,7682
108,1663
108,8502
108,1403
108,7274
108,617
109,8947
109,9996
109,8522
109,5271
109,6780
110,9636
110,7911
110,9053
110,1777
110,5056
111,6272
111,5488
111,2988
111,3388
111,4467
112,2680
112,585
112,7041
112,2281
112,1333
113,8840
113,8032
113,5706
113,7505
113,8278
114,2482
114,6467
114,8057
114,1087
114,7087
115,7927
115,5034
115,6804
115,9767
115,4839
116,6343
116,9381
116,10157
116,10064
116,8331
117,7087
117,1087
117,8958
117,5287
117,1368
118,4926
118,7362
118,5878
118,3501
118,3832
119,3298
119,565
119,8050
119,664
119,3893
120,4661
120,8891
120,5884
120,8790
120,1556
121,373
121,5025
121,8453
121,385
121,180
122,2541
122,6034
122,1299
122,7346
122,3199
123,5709
123,4662
123,5980
123,1828
123,2022
124,4052
124,181
124,4666
124,1331
124,9295
125,2937
125,9472
125,6719
125,7786
125,6822
126,8191
126,1323
126,7120
126,5055
126,6371
127,8210
127,991
127,250
127,8732
127,3254
128,1619
128,5161
128,7679
128,325
128,4260
129,1244
129,7302
129,7702
129,7635
129,6151
130,1297
130,5711
130,7618
130,1117
130,9416
131,10144
131,2181
131,155
131,86
131,9752
132,8689
132,2544
132,9450
132,304
132,6898
133,51
133,9057
133,7285
133,6117
133,4019
134,8198
134,7700
134,4510
134,2770
134,7529
135,8715
135,5864
135,7266
135,6641
135,4478
136,9501
136,585
136,417
136,735
136,5661
137,10
137,9094
137,8946
137,8830
137,8070
138,6906
138,266
138,10050
138,7013
138,6392
139,6764
139,4545
139,9296
139,6398
139,6853
140,1637
140,5090
140,3387
140,2836
140,7381
141,655
141,4080
141,8648
141,4872
141,2432
142,5742
142,724
142,792
142,2707
142,4149
143,6726
143,2970
143,7318
143,5381
143,1785
144,8202
144,3200
144,575
144,3161
144,2137
145,984
145,2675
145,8345
145,7311
145,4230
146,2603
146,555
146,9382
146,6642
146,5173
147,1756
147,3823
147,9756
147,2124
147,5561
148,1120
148,6145
148,2666
148,2085
148,5891
149,1844
149,1161
149,5774
149,9953
149,2098
150,1335
150,7272
150,9405
150,3789
150,6698
151,7961
151,227
151,3528
151,657
151,312
152,3526
152,4800
152,376
152,584
152,8188
153,9337
153,4472
153,8076
153,7226
153,3419
154,3225
154,316
154,9953
154,8177
154,8578
155,1033
155,912
155,4044
155,5270
155,3186
156,7088
156,8135
156,6073
156,7241
156,3979
157,6267
157,3306
157,5872
157,7349
157,5711
158,4357
158,86
158,6448
158,1443
158,1201
159,7161
159,6264
159,7632
159,8476
159,4397
160,3095
160,346
160,5653
160,7349
160,4292
161,9662
161,2264
161,9192
161,6283
161,7606
162,7995
162,6565
162,1720
162,3166
162,8748
163,6521
163,628
163,9860
163,6617
163,8591
164,8869
164,1482
164,2099
164,2639
164,5080
165,2500
165,6715
165,8785
165,3043
165,10117
166,9480
166,4969
166,4759
166,9488
166,4287
167,6899
167,3864
167,2132
167,3720
167,3072
168,7083
168,4998
168,7976
168,4437
168,6524
169,2484
169,3014
169,6668
169,7704
169,8752
170,4249
170,6323
170,710
170,1272
170,3817
171,7624
171,611
171,6445
171,7
171,4172
172,1980
172,9076
172,5881
172,4822
172,5542
173,701
173,6940
173,8805
173,2432
173,4872
174,6715
174,8785
174,2500
174,3043
174,7396
175,6665
175,5899
175,5647
175,2627
175,6991
176,1593
176,8769
176,7456
176,4687
176,7465
177,4702
177,3561
177,7537
177,2746
177,8533
178,2677
178,719
178,4545
178,1466
178,2222
179,9048
179,6332
179,5853
179,1930
179,8538
180,529
180,887
180,8482
180,3730
180,2556
181,6867
181,1786
181,393
181,5853
181,396
182,747
182,7899
182,8929
182,7299
182,7696
183,3460
183,3158
183,1853
183,1851
183,5046
184,1747
184,6490
184,10036
184,2530
184,7195
185,5855
185,7193
185,8062
185,10167
185,7701
186,29
186,9764
186,7675
186,8535
186,9741
187,7191
187,3311
187,8948
187,5524
187,8809
188,329
188,9654
188,6154
188,7442
188,3498
189,4500
189,8264
189,9415
189,8266
189,9705
190,9769
190,7782
190,5866
190,3182
190,6573
191,6449
191,7983
191,1207
191,907
191,825
192,9254
192,7164
192,1221
192,6558
192,6580
193,8041
193,1791
193,4221
193,2861
193,9408
194,8980
194,5685
194,3434
194,3328
194,7459
195,3309
195,6716
195,1572
195,9374
195,651
196,1905
196,8783
196,7843
196,3646
196,6905
197,3289
197,5154
197,6271
197,8740
197,3961
198,2803
198,1955
198,6818
198,2586
198,7290
199,9422
199,7916
199,9147
199,396
199,7725
200,2739
200,721
200,6535
200,6672
200,883
201,6250
201,3536
201,10121
201,819
201,461
202,5306
202,3207
202,9920
202,1340
202,359
203,5048
203,972
203,3171
203,941
203,2812
204,914
204,9611
204,5373
204,7844
204,4593
205,741
205,6868
205,1199
205,5472
205,1318
206,8519
206,2925
206,8290
206,8412
206,4207
207,1577
207,8991
207,9173
207,9837
207,2235
208,9391
208,9475
208,6520
208,1850
208,4431
209,301
209,1645
209,9248
209,9626
209,5049
210,10053
210,5732
210,2872
210,216
210,606
211,373
211,7310
211,253
211,5635
211,1043
212,2161
212,1051
212,7151
212,1560
212,7552
213,9446
213,3308
213,10113
213,8593
213,8499
214,9390
214,365
214,2670
214,7401
214,8825
215,738
215,7721
215,6115
215,2562
215,8854
216,4524
216,4736
216,2129
216,8752
216,4138
217,2546
217,9887
217,3077
217,1559
217,2738
218,7353
218,9203
218,2920
218,6173
218,3555
219,8272
219,5102
219,9621
219,3255
219,9733
220,1589
220,5878
220,10172
220,294
220,921
221,3909
221,766
221,5913
221,549
221,7037
222,2322
222,5272
222,5553
222,1760
222,9965
223,9174
223,1493
223,3101
223,4101
223,960
224,1557
224,939
224,1289
224,3178
224,4068
225,8630
225,8772
225,231
225,4608
225,5614
226,8386
226,5818
226,3381
226,2516
226,4567
227,6241
227,7632
227,8476
227,7093
227,8057
228,4439
228,2859
228,2541
228,4239
228,5545
229,4569
229,2435
229,9798
229,3992
229,7894
230,404
230,3626
230,3878
230,3222
230,3871
231,8592
231,5313
231,9365
231,6920
231,8757
232,5833
232,2748
232,8786
232,3815
232,4900
233,3920
233,5455
233,600
233,4779
233,1081
234,614
234,373
234,180
234,8453
234,253
235,6315
235,340
235,5405
235,2286
235,2851
236,5614
236,6850
236,865
236,4214
236,919
237,7010
237,298
237,1420
237,8996
237,8077
238,5365
238,7716
238,9087
238,1865
238,8283
239,9196
239,7606
239,2233
239,8364
239,4342
240,9321
240,1876
240,1006
240,6340
240,9131
241,5303
241,1312
241,6353
241,2507
241,4949
242,9945
242,2868
242,9288
242,9852
242,5722
243,2152
243,89
243,7016
243,9727
243,1913
244,3842
244,5377
244,4953
244,10001
244,5672
245,3537
245,6325
245,2941
245,9347
245,1954
246,804
246,9889
246,7894
246,1423
246,7848
247,5479
247,8801
247,4103
247,5783
247,1053
248,2224
248,2490
248,8567
248,97
248,218
249,60
249,1918
249,2370
249,6469
249,1593
250,9692
250,1756
250,6505
250,9756
250,2083
251,300
251,16
251,1602
251,10058
251,6510
252,4550
252,6736
252,170
252,591
252,763
253,2563
253,6041
253,5815
253,4338
253,1324
254,1568
254,90
254,9261
254,2801
254,9016
255,10031
255,272
255,899
255,2031
255,4184
256,9382
256,9248
256,301
256,4072
256,5173
257,9344
257,3518
257,8054
257,1231
257,8094
258,2855
258,6769
258,2997
258,3416
258,4580
259,6675
259,7133
259,4954
259,5480
259,9381
260,5113
260,2565
260,8170
260,7360
260,9484
261,9412
261,9812
261,5817
261,3689
261,8864
262,9570
262,6714
262,352
262,5315
262,7632
263,1756
263,5338
263,6295
263,3823
263,3182
264,3040
264,6690
264,9581
264,5543
264,8590
265,1459
265,4287
265,5280
265,9488
265,1486
266,1047
266,8282
266,3451
266,5878
266,294
267,5410
267,1437
267,5253
267,9944
267,9028
268,3683
268,1630
268,7413
268,8240
268,2220
269,363
269,6318
269,9845
269,880
269,6222
270,8518
270,4894
270,9037
270,2019
270,9459
271,9046
271,537
271,258
271,10016
271,4320
272,2797
272,1377
272,3194
272,1542
272,9339
273,1312
273,6464
273,7128
273,3765
273,17
274,4072
274,9382
274,9248
274,6266
274,8275
275,8543
275,3658
275,5357
275,1160
275,627
276,4567
276,4436
276,4363
276,6207
276,2516
277,1889
277,9502
277,9713
277,6798
277,1992
278,5040
278,7036
278,7079
278,4104
278,2954
279,9036
279,664
279,486
279,4529
279,120
280,5338
280,9262
280,7667
280,2231
280,7532
281,7579
281,9195
281,9543
281,4043
281,7250
282,3301
282,6996
282,2822
282,7544
282,6184
283,1195
283,9218
283,6244
283,2202
283,3266
284,2213
284,8162
284,9171
284,5447
284,530
285,3815
285,3834
285,7492
285,8762
285,3335
286,7037
286,3909
286,766
286,5913
286,10089
287,3019
287,1809
287,5345
287,7792
287,9607
288,9959
288,9386
288,3809
288,1801
288,7067
289,4240
289,8152
289,4857
289,5203
289,4671
290,5752
290,6305
290,7072
290,8821
290,2813
291,6075
291,9771
291,7606
291,5707
291,9737
292,1623
292,9400
292,5239
292,3465
292,1187
293,9479
293,2454
293,6272
293,223
293,5488
294,10001
294,2234
294,5333
294,388
294,8173
295,1880
295,6734
295,9050
295,2620
295,1079
296,1372
296,4072
296,3557
296,9248
296,2138
297,1558
297,1640
297,9428
297,8153
297,5542
298,3730
298,5515
298,887
298,3218
298,2271
299,1057
299,1587
299,1671
299,2345
299,787
300,8080
300,1546
300,157
300,1931
300,4193
301,5544
301,8015
301,7291
301,4739
301,914
302,3808
302,6892
302,8509
302,3499
302,8587
303,3826
303,7804
303,7221
303,5710
303,7954
304,8282
304,891
304,8447
304,9936
304,5975
305,1776
305,3892
305,9879
305,4981
305,2883
306,524
306,7329
306,9020
306,2366
306,2923
307,1660
307,6567
307,10141
307,5933
307,8872
308,4611
308,386
308,8320
308,1040
308,817
309,5899
309,6665
309,2625
309,2627
309,6991
310,302
310,1918
310,8283
310,1967
310,8778
311,7358
311,4405
311,7065
311,7851
311,2307
312,2973
312,8314
312,2269
312,2210
312,8834
313,6812
313,4812
313,8002
313,6079
313,2290
314,5993
314,4394
314,1191
314,6954
314,348
315,9305
315,8641
315,2305
315,7606
315,6380
316,3197
316,2595
316,7480
316,9252
316,3935
317,8708
317,6978
317,5692
317,5346
317,4011
318,3323
318,9864
318,225
318,8270
318,2771
319,6901
319,2057
319,4096
319,1322
319,2692
320,1996
320,7678
320,5423
320,586
320,8684
321,7435
321,2627
321,4030
321,3179
321,9128
322,8622
322,1512
322,9461
322,7190
322,7811
323,6189
323,2613
323,9030
323,264
323,852
324,743
324,4900
324,8786
324,5158
324,1473
325,6667
325,6033
325,3132
325,8702
325,4958
326,9062
326,4139
326,9205
326,5126
326,7813
327,2563
327,9048
327,6332
327,1930
327,1597
328,931
328,7891
328,3623
328,6502
328,7140
329,5451
329,4279
329,1805
329,9160
329,7044
330,4691
330,3
330,8213
330,5460
330,388
331,1586
331,6560
331,4238
331,5653
331,1132
332,7628
332,3135
332,7720
332,4874
332,345
333,6665
333,412
333,3397
333,9635
333,9259
334,9542
334,5123
334,8462
334,2938
334,7416
335,4479
335,3487
335,5407
335,6626
335,3407
336,9558
336,2870
336,4225
336,2448
336,3718
337,9929
337,7849
337,9230
337,954
337,4432
338,3456
338,9946
338,2275
338,586
338,1917
339,6295
339,5338
339,1756
339,6902
339,4636
340,6820
340,161
340,1747
340,364
340,9535
341,4123
341,39
341,7891
341,2424
341,684
342,7560
342,769
342,5899
342,6325
342,7901
343,1741
343,8975
343,989
343,5884
343,781
344,1216
344,1101
344,2614
344,9064
344,1653
345,348
345,5993
345,4346
345,5837
345,1191
346,6703
346,9585
346,10011
346,27
346,5676
347,4537
347,1146
347,4713
347,6200
347,3010
348,7801
348,1722
348,4773
348,1426
348,967
349,9415
349,4500
349,7129
349,8360
349,3370
350,1126
350,9795
350,6247
350,764
350,6000
351,9227
351,8032
351,4405
351,2902
351,3078
352,2249
352,5806
352,8850
352,3865
352,595
353,1279
353,3128
353,8065
353,8032
353,8740
354,3699
354,2581
354,6353
354,4628
354,6845
355,2887
355,7601
355,4389
355,4590
355,7414
356,8175
356,9370
356,8464
356,1565
356,5083
357,4187
357,1255
357,3598
357,2482
357,2777
358,10038
358,9052
358,9096
358,7787
358,433
359,7679
359,493
359,6504
359,6398
359,990
360,7693
360,2981
360,8307
360,2122
360,11
361,10106
361,6589
361,5179
361,1904
361,77
362,502
362,9519
362,5453
362,4150
362,3547
363,4267
363,3207
363,1420
363,298
363,8996
364,6710
364,3456
364,8935
364,5783
364,4103
365,3464
365,8986
365,9372
365,9362
365,8660
366,4134
366,2158
366,3733
366,585
366,10073
367,5854
367,8637
367,1637
367,6346
367,2945
368,6637
368,1173
368,3700
368,2406
368,9979
369,7829
369,44
369,4513
369,8338
369,8640
370,290
370,1395
370,1696
370,5600
370,2330
371,456
371,7185
371,8484
371,8386
371,2516
372,7272
372,4772
372,2741
372,3645
372,1658
373,10143
373,9022
373,880
373,936
373,3784
374,3491
374,8638
374,5739
374,4006
374,3845
375,2847
375,3870
375,5709
375,1548
375,1828
376,4689
376,8910
376,7882
376,8378
376,5741
377,2249
377,9067
377,3379
377,9169
377,3020
378,5932
378,9438
378,1368
378,5320
378,6889
379,5869
379,3482
379,6453
379,7660
379,3852
380,3054
380,728
380,6474
380,3371
380,7132
381,10140
381,8804
381,6303
381,5403
381,9673
382,3197
382,2595
382,7480
382,9252
382,4773
383,4689
383,5741
383,3452
383,4130
383,6960
384,8904
384,6883
384,8071
384,1477
384,6727
385,1869
385,6595
385,1772
385,10077
385,6024
386,7542
386,7208
386,4
386,4450
386,4574
387,2835
387,6341
387,6293
387,3567
387,2572
388,2256
388,1709
388,1184
388,6387
388,726
389,7521
389,7766
389,2222
389,6157
389,4275
390,1628
390,4091
390,4819
390,1352
390,541
391,5647
391,8981
391,1105
391,1431
391,1402
392,4926
392,5878
392,7362
392,5399
392,2142
393,7778
393,7052
393,4871
393,9759
393,7935
394,2455
394,9257
394,662
394,8740
394,5622
395,5125
395,3012
395,9181
395,9828
395,3388
396,8425
396,4538
396,5694
396,8266
396,8070
397,10140
397,4620
397,5653
397,8461
397,5685
398,1255
398,4187
398,4016
398,5504
398,9936
399,9154
399,6170
399,638
399,1859
399,2201
400,2109
400,2011
400,4
400,681
400,7542
401,5602
401,8346
401,2980
401,2769
401,4101
402,6036
402,2020
402,8231
402,940
402,616
403,7953
403,3624
403,3330
403,50
403,7055
404,5789
404,5195
404,689
404,6286
404,611
405,1114
405,1913
405,1827
405,5279
405,5904
406,1557
406,1289
406,939
406,4946
406,53
407,2439
407,3288
407,8480
407,89
407,2128
408,5927
408,84
408,6121
408,559
408,4308
409,9358
409,1076
409,7556
409,9414
409,649
410,1621
410,5974
410,6256
410,5698
410,786
411,3593
411,9868
411,8539
411,8522
411,7202
412,2882
412,3992
412,3559
412,8279
412,9261
413,9255
413,5233
413,2932
413,9015
413,440
414,9566
414,5817
414,4791
414,3689
414,6329
415,2953
415,99
415,5330
415,4885
415,9834
416,6047
416,2656
416,4268
416,9621
416,4912
417,86
417,3664
417,10144
417,155
417,8078
418,4455
418,6206
418,7407
418,3834
418,366
419,4746
419,3983
419,10029
419,4436
419,6444
420,8530
420,8018
420,9061
420,1956
420,6139
421,7855
421,5447
421,5521
421,868
421,8719
422,9936
422,5590
422,1047
422,8282
422,3852
423,4907
423,323
423,5910
423,7087
423,7678
424,6777
424,7168
424,9538
424,70
424,7041
425,898
425,5602
425,1526
425,6489
425,737
426,5115
426,3816
426,4841
426,1299
426,9801
427,8333
427,2322
427,557
427,5553
427,6279
428,6146
428,8873
428,5003
428,4810
428,6259
429,5567
429,7447
429,4181
429,9283
429,8562
430,2523
430,4583
430,3752
430,7612
430,7458
431,5508
431,2730
431,4894
431,9726
431,5738
432,7870
432,9334
432,3892
432,209
432,8696
433,88
433,3700
433,1173
433,6637
433,7659
434,1747
434,10036
434,6490
434,2079
434,2530
435,7079
435,2954
435,5975
435,350
435,4104
436,503
436,8983
436,9359
436,9407
436,4793
437,3910
437,1672
437,4823
437,8713
437,8020
438,6482
438,7065
438,2848
438,1952
438,8466
439,8873
439,104
439,6259
439,10085
439,5194
440,5903
440,1450
440,1527
440,9846
440,7895
441,1381
441,8856
441,1685
441,2806
441,9414
442,4481
442,4774
442,7892
442,5676
442,27
443,1154
443,2086
443,2008
443,10020
443,2541
444,8305
444,4998
444,6524
444,9497
444,10015
445,746
445,8025
445,9255
445,6330
445,4685
446,9628
446,1379
446,418
446,8459
446,7720
447,10135
447,8305
447,1348
447,1044
447,2910
448,2101
448,4264
448,10044
448,3488
448,3606
449,44
449,7829
449,890
449,1670
449,8640
450,3570
450,1182
450,8303
450,2052
450,5890
451,1401
451,4694
451,3136
451,2723
451,1650
452,1195
452,2296
452,6310
452,3109
452,6615
453,9119
453,7110
453,7856
453,143
453,6148
454,2674
454,3511
454,167
454,2951
454,3038
455,3357
455,7165
455,2260
455,823
455,5592
456,9416
456,4607
456,1297
456,6984
456,380
457,9636
457,2075
457,9139
457,876
457,1777
458,7411
458,5357
458,10034
458,5519
458,534
459,1663
459,1403
459,4368
459,9809
459,7274
460,7838
460,9874
460,6613
460,2587
460,4330
461,7904
461,2382
461,9057
461,3587
461,5326
462,2988
462,8178
462,9795
462,3388
462,4250
463,3019
463,7792
463,1566
463,2118
463,7249
464,5669
464,8270
464,6870
464,7215
464,8710
465,2129
465,8752
465,5249
465,6798
465,396
466,9209
466,9508
466,6861
466,4985
466,661
467,4784
467,8103
467,8631
467,6819
467,7310
468,3969
468,374
468,267
468,5832
468,1397
469,1567
469,3588
469,2965
469,6768
469,7002
470,5620
470,6598
470,2611
470,1042
470,9989
471,8425
471,4538
471,8856
471,1381
471,5387
472,6588
472,8476
472,5314
472,8014
472,6894
473,7142
473,8177
473,3225
473,3073
473,7762
474,8872
474,9191
474,5035
474,9044
474,1660
475,8654
475,10076
475,508
475,3236
475,6208
476,7277
476,8723
476,1690
476,1132
476,6188
477,4309
477,6147
477,773
477,5429
477,5699
478,4022
478,7232
478,595
478,6595
478,8893
479,6987
479,3061
479,7859
479,8316
479,3249
480,5710
480,5722
480,1421
480,6856
480,8202
481,4897
481,5037
481,8989
481,1202
481,6730
482,5887
482,1622
482,8817
482,2663
482,9657
483,5342
483,2300
483,6190
483,7494
483,8305
484,6185
484,3225
484,9915
484,4637
484,6960
485,9283
485,2391
485,7041
485,2281
485,6381
486,6272
486,4467
486,5075
486,3388
486,5488
487,105
487,2561
487,4146
487,7096
487,9707
488,9662
488,531
488,9192
488,2264
488,1020
489,1009
489,6839
489,980
489,7249
489,7792
490,1182
490,3570
490,2737
490,6237
490,7899
491,1058
491,5963
491,8389
491,3800
491,1429
492,5985
492,9821
492,6611
492,6542
492,2557
493,1696
493,8866
493,2330
493,290
493,6138
494,907
494,6449
494,4432
494,3967
494,1394
495,7831
495,3801
495,5427
495,2825
495,2368
496,5974
496,332
496,352
496,786
496,7632
497,5628
497,5347
497,7599
497,1919
497,3746
498,382
498,9362
498,2164
498,9560
498,1274
499,4023
499,6062
499,7394
499,8375
499,9381
500,5288
500,2366
500,2208
500,673
500,8079
501,5313
501,7390
501,9365
501,8298
501,6457
502,3207
502,4344
502,5306
502,1340
502,1420
503,1595
503,9526
503,2036
503,832
503,2873
504,7559
504,1445
504,9939
504,4224
504,5051
505,6745
505,4944
505,8168
505,5116
505,6944
506,4249
506,4007
506,2814
506,7919
506,5209
507,3789
507,7445
507,6698
507,1335
507,1053
508,1322
508,7600
508,1974
508,2692
508,4277
509,5486
509,8308
509,7190
509,1434
509,683
510,8751
510,2807
510,4937
510,8877
510,8558
511,1675
511,722
511,1524
511,5763
511,161
512,5274
512,5302
512,8914
512,401
512,9161
513,6421
513,5873
513,8244
513,9587
513,6162
514,2443
514,1821
514,3613
514,4559
514,3574
515,6244
515,7947
515,5947
515,8578
515,6797
516,9277
516,7627
516,4434
516,8050
516,4157
517,3400
517,4598
517,2352
517,4696
517,1684
518,4239
518,2249
518,2008
518,9067
518,4334
519,2340
519,2258
519,6991
519,3397
519,6665
520,7915
520,6192
520,6897
520,948
520,9340
521,4646
521,10076
521,3236
521,508
521,8654
522,2366
522,5288
522,9438
522,8079
522,7911
523,3175
523,2544
523,9996
523,8947
523,6210
524,2930
524,5221
524,1836
524,1599
524,1717
525,5818
525,4980
525,6086
525,1373
525,9077
526,1641
526,3646
526,7843
526,5122
526,1776
527,8759
527,4239
527,9385
527,10103
527,3020
528,5048
528,2812
528,972
528,3387
528,5895
529,1894
529,7975
529,3934
529,1919
529,7165
530,3903
530,9398
530,3158
530,9319
530,5826
531,8416
531,2140
531,7810
531,5367
531,1847
532,8556
532,4955
532,616
532,374
532,929
533,4990
533,1103
533,2944
533,2374
533,8748
534,8647
534,4973
534,6234
534,8409
534,7444
535,9111
535,8447
535,8851
535,10125
535,4493
536,9513
536,2075
536,9346
536,5645
536,8850
537,592
537,5339
537,9992
537,5936
537,5885
538,1629
538,1024
538,6396
538,7903
538,3062
539,6948
539,10055
539,7362
539,5548
539,5869
540,2147
540,3419
540,8556
540,2652
540,2178
541,2813
541,6305
541,1995
541,1366
541,7178
542,9465
542,7366
542,4615
542,8181
542,7414
543,6397
543,7399
543,5062
543,7155
543,5917
544,1783
544,242
544,6608
544,8665
544,5802
545,5091
545,9051
545,4482
545,5473
545,6012
546,9581
546,9743
546,6679
546,5770
546,4426
547,7044
547,187
547,5451
547,8171
547,1828
548,5479
548,8801
548,7786
548,6822
548,8514
549,2806
549,1381
549,47
549,338
549,4538
550,4138
550,6191
550,4802
550,6798
550,2301
551,1274
551,78
551,484
551,7563
551,3797
552,743
552,4900
552,8786
552,9180
552,2127
553,3253
553,2710
553,6281
553,8597
553,6912
554,6636
554,3711
554,7343
554,3733
554,9987
555,2838
555,7475
555,4456
555,5870
555,1039
556,2974
556,9915
556,1953
556,8408
556,3164
557,8638
557,8963
557,7230
557,8364
557,75
558,56
558,4243
558,810
558,9143
558,828
559,6703
559,5676
559,8545
559,7892
559,10011
560,5850
560,5910
560,10029
560,9185
560,5287
561,3672
561,8752
561,4736
561,270
561,7596
562,8035
562,8887
562,3728
562,1219
562,3058
563,97
563,8393
563,9423
563,7728
563,7608
564,9127
564,678
564,7904
564,9977
564,1722
565,8386
565,5818
565,5159
565,2516
565,385
566,2683
566,1088
566,4688
566,8372
566,277
567,2465
567,2903
567,4272
567,51
567,6946
568,4471
568,4832
568,5981
568,313
568,7460
569,2116
569,9567
569,339
569,9956
569,5936
570,3125
570,1403
570,8502
570,4893
570,9676
571,7643
571,2195
571,7970
571,866
571,8629
572,6259
572,5020
572,10085
572,6146
572,8306
573,3140
573,8722
573,1374
573,6761
573,7849
574,8345
574,9755
574,7913
574,8587
574,5617
575,4178
575,5937
575,2211
575,9831
575,1866
576,1741
576,5673
576,9892
576,989
576,3101
577,2630
577,7444
577,9156
577,1060
577,8632
578,9756
578,1756
578,8033
578,2124
578,4636
579,353
579,5659
579,2799
579,4713
579,8761
580,9958
580,2083
580,973
580,7933
580,6870
581,8048
581,8070
581,454
581,108
581,1133
582,3795
582,232
582,8864
582,5805
582,8099
583,3515
583,7087
583,2171
583,5979
583,3643
584,5899
584,8590
584,1920
584,2625
584,5770
585,8595
585,5720
585,3482
585,9734
585,1707
586,4168
586,3305
586,1539
586,1854
586,9629
587,351
587,8782
587,7966
587,1874
587,1997
588,5431
588,10007
588,7637
588,2424
588,6492
589,5884
589,781
589,7496
589,1741
589,8975
590,6022
590,8834
590,3394
590,1465
590,4980
591,5673
591,7042
591,3757
591,9892
591,924
592,4308
592,6783
592,8312
592,10124
592,5927
593,7065
593,1107
593,7851
593,7358
593,3987
594,9937
594,4094
594,2507
594,5499
594,1136
595,4707
595,3024
595,1923
595,7008
595,8781
596,80
596,8225
596,7982
596,7820
596,3860
597,6322
597,2452
597,5950
597,7033
597,2648
598,7384
598,8030
598,8392
598,7030
598,3133
599,582
599,8897
599,7236
599,3195
599,2343
600,4364
600,1585
600,3850
600,1966
600,9157
601,698
601,6802
601,4839
601,7680
601,2573
602,2522
602,4930
602,7307
602,3180
602,6277
603,9248
603,301
603,4072
603,8765
603,2511
604,2405
604,8177
604,7400
604,9927
604,5947
605,7665
605,3186
605,548
605,1033
605,4044
606,7108
606,5893
606,598
606,8182
606,4948
607,5856
607,6715
607,1268
607,8283
607,8778
608,9947
608,3939
608,9770
608,852
608,3206
609,9822
609,1076
609,3539
609,8495
609,1594
610,8637
610,7530
610,6346
610,2338
610,2945
611,6899
611,7082
611,3359
611,4973
611,6453
612,5198
612,4876
612,2233
612,8952
612,9455
613,6457
613,3752
613,8344
613,829
613,7390
614,6750
614,4074
614,1062
614,3292
614,7074
615,8135
615,7088
615,7241
615,3979
615,6073
616,5016
616,9478
616,9991
616,8325
616,7311
617,6212
617,3995
617,4009
617,2612
617,4177
618,9946
618,3028
618,6439
618,9567
618,5881
619,10102
619,6229
619,8894
619,6159
619,8691
620,5443
620,5447
620,2710
620,7467
620,1712
621,6878
621,1400
621,9184
621,5090
621,3920
622,9459
622,3993
622,2019
622,2159
622,7436
623,647
623,2179
623,7151
623,8283
623,1572
624,8421
624,129
624,8725
624,254
624,2349
625,6438
625,4718
625,5713
625,6454
625,5634
626,127
626,8589
626,9229
626,1033
626,4562
627,8680
627,1354
627,3705
627,6116
627,4862
628,6348
628,5730
628,7492
628,9139
628,5836
629,7008
629,1605
629,4707
629,1923
629,1162
630,2221
630,4973
630,2189
630,8647
630,8409
631,1154
631,4334
631,2712
631,1849
631,4238
632,5239
632,1623
632,3465
632,2630
632,6231
633,5635
633,373
633,8453
633,180
633,253
634,1163
634,6530
634,1124
634,5829
634,6368
635,4693
635,8409
635,7079
635,5206
635,6397
636,6846
636,5465
636,1752
636,68
636,4644
637,6099
637,9637
637,6996
637,3467
637,9668
638,2055
638,1771
638,333
638,4484
638,8082
639,293
639,7459
639,6871
639,7876
639,6560
640,7761
640,8980
640,4805
640,8259
640,5163
641,2293
641,6283
641,9109
641,2082
641,7298
642,9936
642,1068
642,6924
642,294
642,4137
643,7227
643,489
643,3234
643,8302
643,6419
644,636
644,1799
644,5807
644,2831
644,4638
645,4196
645,1420
645,1616
645,4267
645,298
646,7567
646,5427
646,117
646,3422
646,2791
647,1542
647,1510
647,8238
647,5060
647,3194
648,5978
648,1302
648,503
648,2447
648,2515
649,737
649,1355
649,2457
649,7651
649,1384
650,7363
650,522
650,10070
650,4806
650,1823
651,6446
651,5622
651,2455
651,7262
651,8740
652,7678
652,2941
652,2492
652,8747
652,2575
653,6743
653,603
653,6872
653,1936
653,8593
654,7221
654,3826
654,922
654,5710
654,7954
655,9970
655,5884
655,1837
655,5230
655,6625
656,2208
656,5288
656,5047
656,1368
656,8159
657,2617
657,7661
657,4074
657,2410
657,1828
658,7151
658,8523
658,5623
658,4369
658,2179
659,1957
659,6701
659,1499
659,1876
659,370
660,2312
660,2096
660,1449
660,2580
660,8336
661,3925
661,3222
661,3002
661,8777
661,1374
662,9821
662,9969
662,9950
662,561
662,1486
663,3505
663,3461
663,4354
663,2363
663,7024
664,983
664,4402
664,2556
664,6428
664,2011
665,8063
665,414
665,9957
665,8118
665,10083
666,6041
666,4293
666,3378
666,2563
666,5701
667,9124
667,3527
667,15
667,9635
667,2478
668,631
668,9953
668,316
668,8177
668,5947
669,4998
669,3822
669,2034
669,9497
669,7976
670,5950
670,1886
670,5487
670,1159
670,10003
671,10101
671,104
671,996
671,8873
671,9580
672,8227
672,7844
672,2137
672,6856
672,26
673,5653
673,5685
673,6188
673,4805
673,6560
674,6520
674,4523
674,8333
674,1850
674,9786
675,1566
675,9181
675,2142
675,424
675,5269
676,2857
676,2557
676,4691
676,5460
676,3270
677,7501
677,4882
677,7935
677,6582
677,2187
678,9986
678,7059
678,5022
678,1211
678,3250
679,1381
679,8856
679,4538
679,8996
679,2806
680,4022
680,6595
680,2851
680,2286
680,8754
681,3460
681,3158
681,7710
681,5046
681,6883
682,1566
682,8447
682,6171
682,9181
682,6350
683,4244
683,7864
683,6376
683,1576
683,1264
684,9001
684,10155
684,9290
684,7757
684,2686
685,5898
685,7929
685,8471
685,3347
685,1679
686,4751
686,1906
686,1025
686,3576
686,55
687,4684
687,933
687,7384
687,2865
687,2787
688,8529
688,7541
688,767
688,4726
688,2287
689,9009
689,5413
689,6822
689,6415
689,7381
690,3288
690,5996
690,8480
690,10102
690,9727
691,3518
691,1193
691,5135
691,1694
691,8010
692,502
692,9725
692,9202
692,9460
692,1008
693,2158
693,9769
693,3733
693,10073
693,3711
694,2135
694,5321
694,283
694,384
694,3553
695,7632
695,7087
695,2365
695,5974
695,2579
696,5553
696,6159
696,9457
696,4609
696,5717
697,3166
697,6420
697,4111
697,3382
697,6260
698,2692
698,8402
698,7419
698,6552
698,5152
699,3618
699,28
699,4999
699,9601
699,8456
700,314
700,7937
700,8002
700,5382
700,1591
701,5637
701,3041
701,5828
701,4798
701,9407
702,8651
702,3788
702,2495
702,6806
702,5506
703,7439
703,9716
703,7603
703,8499
703,7585
704,6984
704,380
704,2590
704,987
704,8693
705,7048
705,6543
705,131
705,6699
705,9665
706,3817
706,499
706,9567
706,5517
706,1614
707,8986
707,7632
707,7087
707,382
707,853
708,1297
708,5711
708,9416
708,7618
708,3032
709,3137
709,7213
709,4106
709,7504
709,10161
710,4059
710,4367
710,5088
710,2939
710,7198
711,5311
711,1091
711,9943
711,5614
711,390
712,6681
712,9244
712,9345
712,4565
712,10013
713,1479
713,2140
713,8416
713,1847
713,5367
714,1582
714,8863
714,3864
714,5058
714,8800
715,1308
715,2398
715,3703
715,7145
715,4378
716,6225
716,938
716,115
716,1014
716,2537
717,357
717,8198
717,8244
717,4708
717,2214
718,7467
718,5851
718,5447
718,3253
718,402
719,8865
719,4413
719,8804
719,8136
719,4683
720,1430
720,784
720,9806
720,9971
720,2131
721,5655
721,5147
721,3183
721,7067
721,6032
722,3730
722,8482
722,2352
722,6196
722,293
723,9927
723,2405
723,5482
723,2139
723,7960
724,8859
724,4563
724,2192
724,4830
724,5485
725,3477
725,4438
725,5049
725,6258
725,6800
726,1629
726,8892
726,6396
726,2708
726,490
727,373
727,1027
727,7462
727,180
727,5635
728,7415
728,8068
728,6156
728,4414
728,7500
729,7789
729,6088
729,6084
729,500
729,2961
730,9138
730,1615
730,8598
730,4940
730,2840
731,9702
731,9258
731,9703
731,7781
731,9803
732,3559
732,8935
732,6162
732,2245
732,4428
733,6291
733,6242
733,6183
733,4744
733,6088
734,5013
734,3489
734,4103
734,2007
734,5466
735,2273
735,6620
735,4772
735,2891
735,5315
736,5561
736,3212
736,4728
736,1369
736,6699
737,3135
737,7074
737,9137
737,3051
737,1062
738,5512
738,2850
738,5137
738,9721
738,1865
739,9992
739,7217
739,3894
739,9744
739,5339
740,2885
740,3673
740,5636
740,1471
740,2198
741,5950
741,2452
741,6322
741,4413
741,4185
742,7966
742,8782
742,3037
742,8633
742,9172
743,5640
743,20
743,2159
743,4491
743,6157
744,1680
744,6605
744,763
744,6336
744,8336
745,8114
745,802
745,6647
745,2266
745,5021
746,4217
746,471
746,905
746,6778
746,8143
747,8160
747,3371
747,3893
747,2741
747,6474
748,701
748,4114
748,9650
748,9630
748,623
749,9930
749,4115
749,9150
749,5960
749,5461
750,5742
750,9659
750,792
750,2707
750,724
751,7570
751,6449
751,8575
751,2104
751,8072
752,2516
752,6207
752,1167
752,6755
752,7185
753,5776
753,8737
753,7820
753,360
753,7982
754,3308
754,6872
754,1936
754,4171
754,2810
755,6828
755,8576
755,7652
755,6693
755,9776
756,1370
756,32
756,7244
756,3698
756,2516
757,9895
757,4239
757,6609
757,1496
757,4312
758,7358
758,8032
758,6999
758,968
758,4591
759,7629
759,4103
759,1089
759,9932
759,7818
760,1554
760,4505
760,7109
760,1606
760,2575
761,4900
761,9694
761,1473
761,559
761,474
762,2198
762,1387
762,5636
762,1118
762,4210
763,8696
763,7877
763,3539
763,6957
763,2814
764,3077
764,5223
764,6116
764,4635
764,3796
765,8131
765,893
765,6839
765,9624
765,2875
766,2457
766,1355
766,7651
766,7844
766,7221
767,933
767,657
767,8513
767,227
767,2787
768,652
768,8976
768,9279
768,1455
768,7289
769,6005
769,7025
769,5695
769,7389
769,5605
770,1116
770,4369
770,9424
770,8124
770,3450
771,220
771,4278
771,6766
771,3617
771,7634
772,3170
772,6534
772,4508
772,9388
772,2130
773,8808
773,9439
773,5955
773,6103
773,2674
774,4524
774,604
774,270
774,1588
774,3499
775,6331
775,7521
775,4275
775,660
775,5541
776,1704
776,7402
776,229
776,5797
776,5577
777,3042
777,5785
777,7972
777,7368
777,3823
778,9880
778,281
778,3421
778,1782
778,2687
779,710
779,619
779,5868
779,6576
779,1773
780,8681
780,1479
780,3990
780,8966
780,6032
781,3937
781,4914
781,8791
781,3124
781,4413
782,6253
782,5715
782,9134
782,2624
782,3653
783,9960
783,9237
783,4805
783,1989
783,8810
784,7326
784,8440
784,9887
784,5484
784,5274
785,5544
785,5734
785,6619
785,3264
785,9110
786,8566
786,10035
786,4402
786,2011
786,983
787,2970
787,4347
787,1764
787,6210
787,3548
788,6583
788,3760
788,9074
788,5171
788,1822
789,476
789,9066
789,2357
789,3292
789,10086
790,2054
790,1448
790,1796
790,4766
790,9838
791,1786
791,6867
791,9422
791,6668
791,7916
792,10084
792,3978
792,591
792,2650
792,2580
793,733
793,1765
793,1946
793,6977
793,3770
794,10079
794,6848
794,6453
794,5189
794,5869
795,7293
795,4333
795,9153
795,6833
795,5093
796,5665
796,6108
796,8154
796,1429
796,4868
797,9002
797,3057
797,6434
797,8447
797,5600
798,1874
798,1997
798,8939
798,351
798,8161
799,1852
799,4071
799,1925
799,9003
799,1160
800,8259
800,4805
800,5483
800,7761
800,5178
801,1311
801,7489
801,5305
801,2097
801,1150
802,2967
802,4558
802,6352
802,9851
802,224
803,5451
803,1828
803,1606
803,187
803,8171
804,2847
804,8171
804,1244
804,7990
804,3870
805,7681
805,7637
805,1569
805,2424
805,10007
806,304
806,6342
806,9996
806,5353
806,2544
807,9229
807,5543
807,5234
807,7897
807,710
808,10036
808,1747
808,2117
808,1532
808,6490
809,4965
809,3547
809,506
809,299
809,8757
810,7277
810,1690
810,8723
810,3020
810,3441
811,105
811,8622
811,7096
811,2450
811,1134
812,9131
812,1567
812,120
812,3845
812,3263
813,453
813,1016
813,1986
813,8831
813,4092
814,6537
814,5701
814,7052
814,9775
814,4931
815,9981
815,2494
815,1416
815,3535
815,1349
816,7979
816,6759
816,7831
816,6687
816,3938
817,2998
817,889
817,281
817,8468
817,9369
818,2338
818,5023
818,6627
818,6075
818,8196
819,1355
819,2457
819,7844
819,7651
819,6314
820,3254
820,991
820,1410
820,7548
820,8732
821,3112
821,2561
821,7190
821,8897
821,2050
822,397
822,6134
822,5910
822,9139
822,579
823,2950
823,5046
823,6883
823,9554
823,983
824,9475
824,4358
824,4541
824,9391
824,6822
825,2610
825,7719
825,8843
825,5961
825,10108
826,2022
826,4115
826,6032
826,5980
826,4539
827,3431
827,3714
827,1840
827,8878
827,3524
828,1777
828,9636
828,876
828,7585
828,9139
829,7272
829,2575
829,7901
829,3960
829,4733
830,4904
830,2363
830,9091
830,7830
830,6417
831,1820
831,1334
831,1307
831,2169
831,7947
832,5669
832,1795
832,9402
832,7053
832,10078
833,5646
833,2712
833,1561
833,457
833,1279
834,592
834,3049
834,6337
834,3991
834,8215
835,3739
835,9358
835,1076
835,8315
835,9227
836,2001
836,147
836,9774
836,7854
836,7293
837,5342
837,200
837,7494
837,6190
837,7934
838,5538
838,6401
838,6486
838,2214
838,5385
839,1622
839,5887
839,4653
839,8211
839,3617
840,1063
840,2623
840,2619
840,2495
840,5506
841,5587
841,9376
841,2076
841,6655
841,5089
842,7698
842,9412
842,9812
842,7580
842,190
843,8510
843,870
843,5739
843,3491
843,6768
844,575
844,6856
844,2137
844,922
844,8202
845,10014
845,2904
845,3791
845,2100
845,1923
846,9459
846,5508
846,3154
846,6021
846,1155
847,8081
847,8990
847,6845
847,3699
847,2288
848,1400
848,5743
848,1662
848,5090
848,6878
849,3202
849,5107
849,9093
849,2329
849,8507
850,5647
850,6665
850,3941
850,118
850,950
851,8409
851,4973
851,2221
851,4693
851,7082
852,743
852,474
852,1473
852,1022
852,9434
853,6439
853,912
853,8779
853,7566
853,8556
854,2272
854,168
854,6144
854,142
854,6497
855,2087
855,194
855,2122
855,7235
855,6586
856,3343
856,8877
856,8558
856,4852
856,5479
857,7446
857,6029
857,1901
857,5132
857,359
858,4267
858,1420
858,8425
858,298
858,1616
859,8796
859,3658
859,2626
859,9088
859,8320
860,5606
860,7963
860,7434
860,7091
860,479
861,7349
861,5685
861,5653
861,6188
861,6560
862,83
862,6522
862,570
862,5245
862,4795
863,7678
863,6793
863,586
863,445
863,2565
864,4421
864,3147
864,4864
864,7452
864,4632
865,6365
865,1038
865,1954
865,4104
865,6065
866,8195
866,2845
866,6094
866,1488
866,10047
867,7092
867,138
867,7718
867,3848
867,7819
868,4029
868,2018
868,8981
868,1591
868,5021
869,1327
869,8047
869,7771
869,7902
869,2778
870,1764
870,8947
870,5353
870,2544
870,4088
871,3620
871,9599
871,2839
871,7289
871,2583
872,3139
872,1837
872,9970
872,5893
872,7412
873,4507
873,2798
873,6406
873,3909
873,6595
874,8050
874,2413
874,6397
874,7741
874,4163
875,8581
875,2662
875,10058
875,3843
875,6530
876,8138
876,7478
876,7304
876,677
876,2176
877,1691
877,1601
877,9936
877,7344
877,8282
878,8564
878,2379
878,5036
878,1152
878,1856
879,4447
879,679
879,3826
879,7951
879,5362
880,8808
880,2674
880,9439
880,8277
880,630
881,5548
881,6755
881,10055
881,6948
881,9867
882,485
882,5249
882,866
882,9020
882,7406
883,8550
883,8041
883,2387
883,7242
883,2141
884,1029
884,7675
884,8208
884,1538
884,1817
885,5709
885,4034
885,5473
885,5461
885,6981
886,6423
886,5103
886,5972
886,4218
886,2294
887,5543
887,1213
887,127
887,8447
887,9436
888,2821
888,1366
888,2026
888,7178
888,6305
889,8813
889,529
889,1579
889,2011
889,8051
890,3898
890,4919
890,9335
890,2315
890,6759
891,599
891,7410
891,496
891,981
891,3077
892,3852
892,5189
892,1326
892,7082
892,4100
893,8639
893,7885
893,8133
893,9356
893,8389
894,9960
894,3327
894,1989
894,9237
894,5795
895,9033
895,8018
895,9333
895,2111
895,1754
896,7604
896,7600
896,1974
896,2549
896,4190
897,95
897,4477
897,6213
897,1686
897,4411
898,7578
898,7544
898,6184
898,5251
898,630
899,7714
899,7977
899,5831
899,7018
899,6529
900,3128
900,7051
900,8721
900,7358
900,8065
901,2546
901,6116
901,1559
901,3796
901,1713
902,7017
902,4879
902,8757
902,536
902,3547
903,8081
903,8990
903,2587
903,4181
903,6845
904,2675
904,8345
904,4601
904,9755
904,3986
905,8785
905,2500
905,7396
905,3043
905,6715
906,5239
906,6016
906,4164
906,3465
906,6231
907,3733
907,6208
907,6496
907,8184
907,166
908,8258
908,5445
908,7414
908,4340
908,8039
909,7373
909,8072
909,8575
909,2240
909,2199
910,10151
910,2870
910,2464
910,4831
910,532
911,5077
911,2595
911,3047
911,9252
911,6778
912,4779
912,8572
912,996
912,9579
912,9711
913,1717
913,6046
913,5308
913,2557
913,5506
914,8584
914,9824
914,1860
914,7852
914,2148
915,1637
915,355
915,6034
915,5854
915,9455
916,9644
916,5397
916,3516
916,277
916,2607
917,2670
917,7563
917,9390
917,484
917,6462
918,6530
918,6368
918,6699
918,9665
918,5829
919,7968
919,8870
919,3944
919,6421
919,908
920,7828
920,9227
920,6629
920,10096
920,6493
921,8708
921,199
921,8500
921,6978
921,9848
922,9339
922,4689
922,1377
922,7943
922,6960
923,3498
923,4449
923,6154
923,473
923,7863
924,9209
924,3209
924,7324
924,4697
924,2977
925,8505
925,9304
925,1584
925,8238
925,1599
926,3615
926,3921
926,9347
926,9261
926,769
927,4579
927,4198
927,4205
927,7321
927,9539
928,5973
928,9479
928,223
928,8573
928,350
929,1831
929,4226
929,1632
929,6687
929,1520
930,3807
930,3723
930,2273
930,2725
930,762
931,1364
931,2997
931,1492
931,2438
931,6109
932,9209
932,7324
932,8147
932,3209
932,430
933,9835
933,6501
933,7312
933,8086
933,183
934,6169
934,6686
934,2779
934,5498
934,2029
935,8834
935,2269
935,580
935,6022
935,7262
936,8170
936,3855
936,5113
936,9484
936,2565
937,6460
937,3379
937,812
937,2023
937,2249
938,595
938,5940
938,3712
938,375
938,8704
939,6754
939,2233
939,4876
939,9196
939,9426
940,6453
940,1060
940,5110
940,6682
940,6174
941,5533
941,6499
941,4091
941,5456
941,7512
942,655
942,5072
942,3896
942,2060
942,2432
943,4839
943,6133
943,6804
943,7927
943,5034
944,1129
944,962
944,2640
944,6620
944,9693
945,1926
945,7384
945,7844
945,6296
945,5842
946,9461
946,1216
946,2814
946,2267
946,2318
947,1421
947,1880
947,6734
947,6856
947,1902
948,7855
948,868
948,5238
948,79
948,8718
949,3019
949,7249
949,7079
949,7792
949,2142
950,10001
950,1616
950,2865
950,2217
950,807
951,1878
951,570
951,6941
951,4163
951,6731
952,9921
952,8561
952,4976
952,7282
952,3374
953,3054
953,2397
953,10094
953,1060
953,3371
954,6825
954,396
954,8752
954,9713
954,2537
955,2132
955,9328
955,4973
955,7082
955,7444
956,4482
956,9319
956,2211
956,7308
956,9459
957,9129
957,6390
957,5370
957,6249
957,2578
958,6799
958,10171
958,1362
958,6730
958,3045
959,329
959,1012
959,7971
959,1149
959,7958
960,3569
960,5646
960,545
960,2712
960,4396
961,9603
961,5135
961,1716
961,8145
961,4332
962,4419
962,7360
962,7240
962,8975
962,989
963,2513
963,3359
963,1984
963,9997
963,817
964,9797
964,4224
964,1555
964,444
964,8362
965,3316
965,2114
965,3802
965,9720
965,7225
966,5650
966,10004
966,5001
966,8323
966,1282
967,4046
967,1503
967,864
967,7466
967,3252
968,8551
968,313
968,3510
968,9476
968,2978
969,6607
969,997
969,8682
969,1740
969,8962
970,3182
970,1612
970,7667
970,2312
970,6573
971,8805
971,10039
971,5576
971,1438
971,6909
972,9494
972,7874
972,684
972,2959
972,7773
973,9358
973,1603
973,649
973,9871
973,4492
974,8600
974,4180
974,9607
974,5878
974,8858
975,9998
975,10011
975,7214
975,4481
975,4774
976,7583
976,2546
976,8144
976,1498
976,49
977,9248
977,5173
977,9382
977,8483
977,4072
978,6979
978,1486
978,4799
978,5878
978,5820
979,1808
979,5219
979,9409
979,2297
979,937
980,9352
980,9817
980,2578
980,5023
980,7215
981,5993
981,4394
981,1191
981,6954
981,7536
982,1459
982,5280
982,4287
982,8517
982,9488
983,2404
983,857
983,2034
983,7934
983,9497
984,9567
984,1606
984,7991
984,4822
984,2116
985,5818
985,385
985,6022
985,2834
985,6491
986,9821
986,5229
986,9007
986,3641
986,664
987,1375
987,4200
987,1988
987,7012
987,3199
988,7076
988,1366
988,6305
988,2313
988,5752
989,2168
989,1087
989,323
989,7087
989,2136
990,9326
990,1252
990,3963
990,4731
990,8650
991,6631
991,8044
991,10154
991,6851
991,1023
992,1399
992,5498
992,9017
992,5982
992,2151
993,4257
993,6004
993,7032
993,2607
993,4261
994,6738
994,7792
994,1009
994,2118
994,2337
995,3037
995,7891
995,311
995,7966
995,9172
996,9151
996,442
996,409
996,3319
996,3509
997,2777
997,8003
997,1255
997,1272
997,4187
998,4854
998,5498
998,3496
998,7089
998,3071
999,6101
999,1887
999,8943
999,1553
999,2115
1000,7123
1000,6634
1000,649
1000,4391
1000,9923
1001,8147
1001,1316
1001,3390
1001,9473
1001,5070
1002,6794
1002,564
1002,5804
1002,3292
1002,5668
1003,315
1003,8792
1003,2168
1003,9805
1003,6976
1004,3019
1004,1809
1004,5345
1004,3960
1004,1335
1005,1246
1005,8364
1005,7002
1005,8563
1005,4256
1006,2637
1006,1343
1006,8830
1006,5694
1006,4538
1007,4871
1007,1904
1007,9759
1007,6387
1007,10051
1008,6689
1008,3992
1008,3310
1008,1416
1008,5736
1009,7487
1009,9871
1009,2428
1009,662
1009,1987
1010,997
1010,6607
1010,8451
1010,8962
1010,723
1011,9983
1011,4279
1011,8158
1011,9319
1011,3174
1012,6603
1012,1906
1012,5433
1012,55
1012,882
1013,3296
1013,4380
1013,9320
1013,1300
1013,1316
1014,666
1014,5188
1014,9300
1014,4721
1014,7410
1015,3925
1015,6063
1015,404
1015,3523
1015,1374
1016,1920
1016,2928
1016,9265
1016,2556
1016,358
1017,9119
1017,4526
1017,1424
1017,1576
1017,7110
1018,1033
1018,912
1018,7665
1018,4044
1018,3186
1019,3829
1019,1306
1019,8337
1019,5218
1019,6924
1020,5548
1020,7362
1020,9867
1020,7747
1020,3583
1021,2195
1021,7387
1021,7970
1021,2272
1021,866
1022,6589
1022,10106
1022,3400
1022,7935
1022,6463
1023,6843
1023,1482
1023,1835
1023,5080
1023,1263
1024,9321
1024,5613
1024,7490
1024,3270
1024,1711
1025,6363
1025,4437
1025,3486
1025,10135
1025,2910
1026,8402
1026,7419
1026,618
1026,2773
1026,5656
1027,1796
1027,9838
1027,8256
1027,2531
1027,1905
1028,395
1028,6340
1028,8755
1028,1815
1028,8804
1029,1347
1029,1133
1029,8569
1029,744
1029,3949
1030,611
1030,8072
1030,7373
1030,7141
1030,4172
1031,8438
1031,4338
1031,5733
1031,2474
1031,5544
1032,9261
1032,3921
1032,15
1032,5062
1032,7458
1033,929
1033,4247
1033,1917
1033,3786
1033,9946
1034,2548
1034,4201
1034,4595
1034,9436
1034,6834
1035,6225
1035,3859
1035,1662
1035,9953
1035,2639
1036,7863
1036,473
1036,885
1036,3006
1036,5931
1037,9281
1037,5288
1037,3323
1037,2208
1037,10082
1038,2576
1038,241
1038,7197
1038,4692
1038,3448
1039,2650
1039,10032
1039,1094
1039,10040
1039,10084
1040,1277
1040,2208
1040,1368
1040,5288
1040,2127
1041,1829
1041,9295
1041,3490
1041,434
1041,2853
1042,2641
1042,8207
1042,446
1042,2446
1042,385
1043,4267
1043,8996
1043,4538
1043,47
1043,3207
1044,9268
1044,2797
1044,8539
1044,8199
1044,3170
1045,8701
1045,3357
1045,2260
1045,3505
1045,8515
1046,8669
1046,2323
1046,1583
1046,7656
1046,9842
1047,7597
1047,4345
1047,9904
1047,9169
1047,9103
1048,3199
1048,1637
1048,5854
1048,2938
1048,6034
1049,8579
1049,6877
1049,3304
1049,8860
1049,7495
1050,10102
1050,3288
1050,9263
1050,4252
1050,89
1051,2054
1051,1796
1051,9838
1051,3108
1051,3245
1052,4834
1052,10115
1052,3708
1052,1988
1052,9754
1053,6486
1053,5958
1053,443
1053,878
1053,3317
1054,473
1054,3498
1054,6154
1054,329
1054,1012
1055,6550
1055,326
1055,6416
1055,2169
1055,3164
1056,3591
1056,9201
1056,4677
1056,3753
1056,8837
1057,5761
1057,9392
1057,5985
1057,5308
1057,9814
1058,2621
1058,7864
1058,3809
1058,2046
1058,9386
1059,839
1059,3311
1059,8183
1059,1899
1059,592
1060,4025
1060,7868
1060,1117
1060,7641
1060,3429
1061,5892
1061,9875
1061,4003
1061,6483
1061,401
1062,7939
1062,5095
1062,2354
1062,9168
1062,9840
1063,9738
1063,3694
1063,8183
1063,1975
1063,7978
1064,6023
1064,4298
1064,3638
1064,9546
1064,3771
1065,5370
1065,7653
1065,790
1065,2726
1065,8637
1066,3816
1066,460
1066,4841
1066,7176
1066,3298
1067,6695
1067,6492
1067,311
1067,7637
1067,7891
1068,5039
1068,8599
1068,6730
1068,1241
1068,4945
1069,136
1069,5961
1069,7299
1069,2610
1069,5050
1070,2611
1070,2860
1070,7451
1070,6598
1070,9126
1071,2046
1071,5485
1071,244
1071,6347
1071,7135
1072,5338
1072,5809
1072,9994
1072,4769
1072,4636
1073,9617
1073,9677
1073,2432
1073,2324
1073,2309
1074,1356
1074,8353
1074,586
1074,3786
1074,8421
1075,6008
1075,4860
1075,1000
1075,3525
1075,4926
1076,7743
1076,3071
1076,5498
1076,10167
1076,4854
1077,7051
1077,3204
1077,8965
1077,5910
1077,649
1078,5601
1078,6741
1078,8981
1078,6795
1078,6546
1079,516
1079,4587
1079,1447
1079,7635
1079,5692
1080,3708
1080,6628
1080,5776
1080,2524
1080,9754
1081,4070
1081,5802
1081,2746
1081,4833
1081,274
1082,7250
1082,9195
1082,5080
1082,3657
1082,4043
1083,6126
1083,795
1083,1483
1083,7740
1083,3921
1084,9614
1084,7982
1084,7820
1084,377
1084,4432
1085,9029
1085,4764
1085,3056
1085,290
1085,10148
1086,77
1086,6589
1086,6677
1086,10106
1086,1140
1087,3407
1087,9363
1087,5386
1087,4092
1087,2270
1088,5274
1088,5302
1088,9616
1088,1509
1088,1862
1089,9556
1089,6685
1089,4384
1089,6447
1089,10069
1090,7475
1090,3674
1090,6906
1090,8033
1090,5323
1091,868
1091,5521
1091,5447
1091,2213
1091,5238
1092,5169
1092,1306
1092,6736
1092,1094
1092,170
1093,1515
1093,6522
1093,9542
1093,4218
1093,570
1094,391
1094,1000
1094,6565
1094,9478
1094,8325
1095,4796
1095,6041
1095,6556
1095,9681
1095,1682
1096,5764
1096,8049
1096,4031
1096,6225
1096,4547
1097,1764
1097,4088
1097,5353
1097,9942
1097,1625
1098,9907
1098,1959
1098,8120
1098,2966
1098,49
1099,1620
1099,926
1099,5226
1099,858
1099,8112
1100,7864
1100,5376
1100,9823
1100,10115
1100,4699
1101,5039
1101,1399
1101,6404
1101,9555
1101,1433
1102,4496
1102,5416
1102,1443
1102,3191
1102,9183
1103,6453
1103,6174
1103,4973
1103,2905
1103,6234
1104,4024
1104,6284
1104,2307
1104,1978
1104,1147
1105,4713
1105,7803
1105,5004
1105,6200
1105,4176
1106,4557
1106,6901
1106,4096
1106,3472
1106,3470
1107,921
1107,294
1107,1589
1107,7040
1107,1047
1108,3812
1108,1413
1108,5059
1108,859
1108,6199
1109,2727
1109,6098
1109,5479
1109,9932
1109,4448
1110,9233
1110,1030
1110,7010
1110,2559
1110,8963
1111,2605
1111,2599
1111,9868
1111,4495
1111,8059
1112,2822
1112,6184
1112,1390
1112,6506
1112,6996
1113,2628
1113,4525
1113,5811
1113,1740
1113,4536
1114,2249
1114,8759
1114,5806
1114,595
1114,3865
1115,4653
1115,6438
1115,1622
1115,7114
1115,9657
1116,7799
1116,3296
1116,9320
1116,7972
1116,7555
1117,2829
1117,6097
1117,906
1117,1010
1117,8880
1118,7541
1118,820
1118,3775
1118,8529
1118,4726
1119,7324
1119,123
1119,3773
1119,4697
1119,6861
1120,1498
1120,7583
1120,4090
1120,8226
1120,1338
1121,7599
1121,8653
1121,1258
1121,2429
1121,8164
1122,2723
1122,4694
1122,423
1122,8172
1122,1401
1123,8657
1123,256
1123,621
1123,2698
1123,1894
1124,1173
1124,7889
1124,6637
1124,7169
1124,7659
1125,1493
1125,5042
1125,4101
1125,5926
1125,6265
1126,1545
1126,6287
1126,5936
1126,1345
1126,9635
1127,6376
1127,8216
1127,9823
1127,7176
1127,4699
1128,7676
1128,8489
1128,3075
1128,6690
1128,1711
1129,9111
1129,1995
1129,771
1129,10125
1129,8851
1130,108
1130,497
1130,6278
1130,8048
1130,5866
1131,5018
1131,2409
1131,8701
1131,5724
1131,7763
1132,5473
1132,677
1132,9000
1132,5147
1132,4372
1133,5242
1133,935
1133,741
1133,6423
1133,7416
1134,1085
1134,5175
1134,7237
1134,7458
1134,6457
1135,3633
1135,3936
1135,2851
1135,6595
1135,8759
1136,1624
1136,236
1136,9426
1136,5425
1136,4231
1137,9688
1137,4976
1137,9241
1137,9996
1137,8561
1138,949
1138,3859
1138,6225
1138,1482
1138,1662
1139,8622
1139,6145
1139,105
1139,7190
1139,4146
1140,7142
1140,4605
1140,3073
1140,10136
1140,5494
1141,7491
1141,7290
1141,2803
1141,8446
1141,2497
1142,3196
1142,4883
1142,3817
1142,1614
1142,499
1143,5449
1143,5997
1143,1437
1143,1635
1143,8774
1144,4026
1144,9414
1144,4283
1144,3905
1144,5207
1145,2610
1145,7299
1145,5961
1145,7719
1145,8843
1146,5086
1146,2994
1146,9299
1146,7701
1146,2766
1147,3673
1147,8512
1147,5125
1147,2463
1147,3985
1148,5050
1148,3211
1148,6057
1148,7299
1148,8713
1149,8261
1149,1403
1149,8401
1149,2908
1149,9045
1150,2787
1150,435
1150,8513
1150,9837
1150,9213
1151,611
1151,8072
1151,7373
1151,6445
1151,7624
1152,4416
1152,2090
1152,5466
1152,7818
1152,8877
1153,7700
1153,2834
1153,3000
1153,2973
1153,6565
1154,9404
1154,4708
1154,1254
1154,7522
1154,2214
1155,9788
1155,4975
1155,3684
1155,3597
1155,5750
1156,6586
1156,958
1156,3994
1156,2929
1156,5340
1157,6207
1157,7781
1157,4348
1157,5159
1157,5146
1158,1614
1158,9334
1158,3259
1158,8017
1158,6896
1159,829
1159,3981
1159,1771
1159,160
1159,10072
1160,755
1160,7537
1160,2746
1160,4833
1160,8665
1161,7768
1161,7786
1161,356
1161,5308
1161,2997
1162,8128
1162,9647
1162,2310
1162,1329
1162,3376
1163,1312
1163,9020
1163,6464
1163,10131
1163,2366
1164,8762
1164,4847
1164,802
1164,4197
1164,2591
1165,6785
1165,538
1165,5700
1165,7453
1165,8272
1166,3182
1166,6573
1166,7782
1166,5419
1166,4532
1167,3925
1167,6063
1167,1374
1167,3610
1167,9114
1168,1166
1168,42
1168,2830
1168,7278
1168,7047
1169,6381
1169,8000
1169,2281
1169,10096
1169,8562
1170,6439
1170,7566
1170,3662
1170,4955
1170,5559
1171,6334
1171,5154
1171,7123
1171,2306
1171,4639
1172,4951
1172,10063
1172,675
1172,9300
1172,7662
1173,4308
1173,5927
1173,6783
1173,84
1173,8312
1174,2806
1174,1381
1174,8856
1174,4267
1174,47
1175,1316
1175,8959
1175,7972
1175,2233
1175,2746
1176,391
1176,5525
1176,6238
1176,6931
1176,1733
1177,6339
1177,4979
1177,714
1177,7861
1177,2614
1178,2157
1178,10136
1178,3073
1178,5115
1178,9477
1179,1920
1179,6327
1179,4175
1179,349
1179,125
1180,9263
1180,3288
1180,8735
1180,10102
1180,9727
1181,5384
1181,1079
1181,4974
1181,6018
1181,7898
1182,7642
1182,7279
1182,1749
1182,9153
1182,7293
1183,7991
1183,1606
1183,1642
1183,9224
1183,7109
1184,1088
1184,8372
1184,2683
1184,2037
1184,4688
1185,6210
1185,8947
1185,1625
1185,3175
1185,1764
1186,2799
1186,7645
1186,1879
1186,5097
1186,2770
1187,3886
1187,74
1187,8135
1187,8424
1187,3979
1188,8832
1188,6641
1188,9857
1188,3278
1188,6377
1189,5751
1189,1425
1189,7532
1189,6374
1189,4755
1190,3468
1190,6590
1190,8097
1190,705
1190,8485
1191,4768
1191,8394
1191,5636
1191,9457
1191,9786
1192,319
1192,6361
1192,6140
1192,2336
1192,4552
1193,8558
1193,8877
1193,5479
1193,6580
1193,3343
1194,10020
1194,3689
1194,7493
1194,5501
1194,2681
1195,8933
1195,864
1195,4046
1195,8502
1195,1483
1196,9762
1196,819
1196,1384
1196,3413
1196,1037
1197,7422
1197,277
1197,9489
1197,3720
1197,8372
1198,6137
1198,1899
1198,4399
1198,7187
1198,4585
1199,6890
1199,3618
1199,4999
1199,5363
1199,7506
1200,9889
1200,7894
1200,7848
1200,804
1200,1423
1201,778
1201,6757
1201,928
1201,7152
1201,2395
1202,9438
1202,9716
1202,5932
1202,1312
1202,2507
1203,646
1203,5077
1203,1278
1203,2595
1203,9252
1204,3077
1204,6116
1204,3796
1204,1354
1204,4635
1205,2395
1205,3289
1205,6849
1205,8032
1205,5814
1206,5410
1206,1437
1206,519
1206,9944
1206,5253
1207,247
1207,299
1207,6630
1207,4881
1207,3943
1208,6454
1208,5060
1208,3582
1208,1806
1208,2144
1209,4753
1209,2549
1209,7600
1209,1643
1209,9958
1210,4159
1210,2851
1210,4577
1210,9139
1210,397
1211,1121
1211,7113
1211,13
1211,8092
1211,2064
1212,9608
1212,7900
1212,4013
1212,3010
1212,6910
1213,3375
1213,7389
1213,5695
1213,7025
1213,6005
1214,3891
1214,6538
1214,5143
1214,9995
1214,9177
1215,3704
1215,1254
1215,2315
1215,7522
1215,9335
1216,6327
1216,8465
1216,7359
1216,3353
1216,1920
1217,3066
1217,2973
1217,9490
1217,6825
1217,2301
1218,7310
1218,5317
1218,9472
1218,6022
1218,6611
1219,4693
1219,7797
1219,8409
1219,7155
1219,406
1220,8329
1220,5186
1220,6006
1220,2109
1220,9822
1221,9648
1221,5088
1221,1813
1221,5329
1221,3560
1222,9049
1222,10058
1222,16
1222,6510
1222,300
1223,3633
1223,19
1223,4400
1223,5981
1223,2434
1224,9725
1224,9587
1224,1177
1224,4398
1224,10127
1225,4805
1225,366
1225,5178
1225,7407
1225,7276
1226,8414
1226,5220
1226,4792
1226,2060
1226,469
1227,9456
1227,3313
1227,5973
1227,5130
1227,5283
1228,9083
1228,9407
1228,6237
1228,6998
1228,4274
1229,73
1229,599
1229,8089
1229,6583
1229,981
1230,9123
1230,524
1230,6898
1230,4425
1230,7329
1231,4897
1231,6978
1231,5577
1231,9190
1231,1202
1232,9111
1232,3044
1232,5600
1232,1051
1232,2161
1233,8740
1233,6283
1233,4464
1233,5164
1233,8038
1234,233
1234,4076
1234,4853
1234,4219
1234,9484
1235,7648
1235,1703
1235,9028
1235,9944
1235,1437
1236,6486
1236,2674
1236,9898
1236,8425
1236,8414
1237,388
1237,5280
1237,8173
1237,1459
1237,4008
1238,9975
1238,5826
1238,6883
1238,7056
1238,3117
1239,4050
1239,6473
1239,6268
1239,3193
1239,3602
1240,9333
1240,4581
1240,4676
1240,1005
1240,8166
1241,6687
1241,6759
1241,3704
1241,7979
1241,2315
1242,6257
1242,2947
1242,2716
1242,98
1242,4212
1243,8672
1243,6353
1243,821
1243,8932
1243,8995
1244,9948
1244,2463
1244,4768
1244,8394
1244,5636
1245,7267
1245,2297
1245,5219
1245,1808
1245,1000
1246,5384
1246,6018
1246,1079
1246,819
1246,2074
1247,1679
1247,7167
1247,8471
1247,1691
1247,7040
1248,3845
1248,2789
1248,356
1248,1053
1248,5204
1249,7514
1249,205
1249,8105
1249,2074
1249,966
1250,3343
1250,5208
1250,4431
1250,4852
1250,103
1251,8248
1251,6447
1251,5743
1251,5090
1251,1953
1252,9794
1252,5092
1252,9618
1252,1404
1252,9187
1253,7138
1253,1161
1253,1844
1253,5774
1253,2098
1254,5570
1254,5952
1254,4122
1254,3717
1254,1363
1255,5628
1255,8982
1255,2429
1255,2479
1255,7599
1256,8975
1256,3535
1256,8170
1256,6280
1256,989
1257,3228
1257,3204
1257,7358
1257,7851
1257,2395
1258,6875
1258,6441
1258,4681
1258,133
1258,2735
1259,3149
1259,2571
1259,934
1259,6665
1259,950
1260,8829
1260,2852
1260,6508
1260,8679
1260,3877
1261,4567
1261,1832
1261,3617
1261,5921
1261,8484
1262,8864
1262,3689
1262,7591
1262,232
1262,704
1263,6490
1263,2530
1263,1747
1263,5891
1263,7195
1264,1935
1264,5766
1264,9707
1264,9535
1264,4505
1265,335
1265,4738
1265,3279
1265,8308
1265,3195
1266,7467
1266,3253
1266,4849
1266,1712
1266,5992
1267,2086
1267,1154
1267,6071
1267,5501
1267,2541
1268,4026
1268,3959
1268,9577
1268,9718
1268,3980
1269,304
1269,8689
1269,9996
1269,9241
1269,7405
1270,6336
1270,6922
1270,1449
1270,10134
1270,6736
1271,6996
1271,1974
1271,7544
1271,3301
1271,9958
1272,5878
1272,2142
1272,7362
1272,4926
1272,6979
